Reception date,Reception time,aggregation id ,aggregation name,BAT1.batteryCurrent[0].value,BAT1.batteryCurrent[1].value,BAT1.batteryCurrent[2].value,BAT1.batteryVoltage[0].value,BAT1.batteryVoltage[1].value,BAT1.batteryVoltage[2].value,EPS.switchCurrents[0].value,EPS.switchCurrents[1].value,EPS.switchCurrents[2].value,EPS.switchCurrents[3].value,EPS.switchCurrents[4].value,EPS.switchCurrents[5].value,EPS.switchCurrents[6].value,EPS.switchCurrents[7].value,EPS.switchCurrents[8].value,EPS.switchCurrents[9].value,EPS.switchVoltages[0].value,EPS.switchVoltages[1].value,EPS.switchVoltages[2].value,EPS.switchVoltages[3].value,EPS.switchVoltages[4].value,EPS.switchVoltages[5].value,EPS.switchVoltages[6].value,EPS.switchVoltages[7].value,EPS.switchVoltages[8].value,EPS.switchVoltages[9].value,EPS.busCurrents[0].value,EPS.busCurrents[1].value,EPS.busCurrents[2].value,EPS.busCurrents[3].value,EPS.busVoltages[0].value,EPS.busVoltages[1].value,EPS.busVoltages[2].value,EPS.busVoltages[3].value,EPS.BcrOutputCurrent.value,EPS.BcrOutputVoltage.value
2025-03-12,19:30:44.913,CCT_AGGREGATOR,CCT_AGGREGATOR,0.026185,0.0,0.0,0.163818,0.72768,6.04352,0.256304,1.253632,1.005296,1.264256,0.98936,0.649392,0.5644,0.819376,0.84992,0.084992,0.86336,0.86336,0.575552,0.0,0.0,0.0,0.0,0.0,0.0,0.0,0.0,0.0,1.052637,1.4696999999999998,8.906176,3.0435659999999998,5.765295,6.44822,7653.959153999999,0.062952099
2025-03-12,19:31:44.917,CCT_AGGREGATOR,CCT_AGGREGATOR,0.026185,0.0,0.0,0.193995,3.6384,6.04352,0.256304,1.253632,1.005296,1.264256,0.98936,0.649392,0.5644,0.819376,0.7649279999999999,0.169984,0.86336,1.72672,0.575552,0.0,0.0,0.0,0.0,0.0,0.0,0.0,0.0,0.0,1.052637,1.4696999999999998,8.906176,3.0435659999999998,5.765295,6.44822,7653.959153999999,4.667448483
2025-03-12,19:32:44.927,CCT_AGGREGATOR,CCT_AGGREGATOR,0.026185,0.0,0.0,0.228483,0.72768,6.90688,0.256304,1.253632,1.005296,1.264256,0.98936,0.649392,0.5644,0.734384,0.7649279999999999,0.084992,0.86336,0.86336,0.575552,0.0,0.0,0.0,0.0,0.0,0.0,0.0,0.0,0.0,1.052637,1.9996199999999997,8.906176,1.9399499999999998,4.263855,6.44822,7653.959153999999,2.365200291
2025-03-12,19:33:44.937,CCT_AGGREGATOR,CCT_AGGREGATOR,0.026185,0.0,0.0,0.25866,3.6384,6.90688,0.256304,1.253632,1.005296,1.1792639999999999,0.904368,0.649392,0.479408,0.734384,0.7649279999999999,0.084992,0.86336,0.86336,0.575552,0.0,0.0,0.0,0.0,0.0,0.0,0.0,0.0,0.0,1.052637,1.9996199999999997,8.906176,1.9399499999999998,5.765295,9.90166,7653.959153999999,2.365200291
2025-03-12,19:34:44.943,CCT_AGGREGATOR,CCT_AGGREGATOR,0.026185,0.0,0.0,0.29314799999999996,0.72768,6.04352,0.256304,1.253632,1.090288,1.264256,0.98936,0.649392,0.5644,0.734384,0.7649279999999999,0.169984,1.72672,0.86336,0.575552,0.0,0.0,0.0,0.0,0.0,0.0,0.0,0.0,0.0,1.052637,1.9996199999999997,8.906176,1.9399499999999998,4.263855,6.44822,7653.959153999999,4.667448483
2025-03-12,19:35:44.946,CCT_AGGREGATOR,CCT_AGGREGATOR,0.026185,0.0,0.0,0.323325,3.6384,6.04352,0.256304,1.16864,1.005296,1.264256,0.819376,0.649392,0.5644,0.734384,0.7649279999999999,0.169984,0.86336,1.72672,0.575552,0.0,0.0,0.0,0.0,0.0,0.0,0.0,0.0,0.0,1.052637,1.9996199999999997,8.906176,1.9399499999999998,5.765295,6.44822,7653.959153999999,2.365200291
2025-03-12,19:36:44.940,CCT_AGGREGATOR,CCT_AGGREGATOR,0.026185,0.0,0.0,0.357813,0.72768,6.90688,0.341296,1.16864,1.005296,1.264256,0.819376,0.5644,0.5644,0.734384,0.679936,0.169984,0.86336,0.86336,1.151104,0.0,0.0,0.0,0.0,0.0,0.0,0.0,0.0,0.0,1.052637,1.9996199999999997,8.897198,4.147182,4.263855,6.44822,7653.959153999999,0.062952099
2025-03-12,19:37:44.949,CCT_AGGREGATOR,CCT_AGGREGATOR,0.026185,0.0,0.0,0.38799,3.6384,6.04352,0.341296,1.16864,1.005296,1.264256,0.819376,0.5644,0.5644,0.734384,0.679936,0.169984,1.72672,0.86336,0.575552,0.0,0.0,0.0,0.0,0.0,0.0,0.0,0.0,0.0,1.052637,1.9996199999999997,8.906176,0.8363339999999999,5.765295,6.44822,7653.959153999999,4.667448483
2025-03-12,19:38:44.508,CCT_AGGREGATOR,CCT_AGGREGATOR,0.026185,0.0,0.0,0.42247799999999996,0.72768,6.90688,0.256304,1.253632,1.005296,1.264256,0.819376,0.5644,0.479408,0.734384,0.679936,0.084992,0.86336,0.86336,0.575552,0.0,0.0,0.0,0.0,0.0,0.0,0.0,0.0,0.0,1.052637,1.9996199999999997,8.897198,4.147182,4.263855,9.90166,7653.959153999999,4.667448483
2025-03-12,19:39:44.949,CCT_AGGREGATOR,CCT_AGGREGATOR,0.026185,0.0,0.0,0.452655,3.6384,6.04352,0.256304,1.253632,1.005296,1.264256,0.819376,0.5644,0.479408,0.734384,0.679936,0.084992,0.86336,0.86336,1.151104,0.0,0.0,0.0,0.0,0.0,0.0,0.0,0.0,0.0,1.052637,2.00169,2.002094,4.147182,5.765295,6.44822,7653.959153999999,0.062952099
2025-03-12,19:40:44.955,CCT_AGGREGATOR,CCT_AGGREGATOR,0.026185,0.0,0.0,0.487143,0.72768,6.04352,0.256304,1.16864,1.005296,1.264256,0.734384,0.5644,0.479408,0.649392,0.594944,0.084992,1.72672,0.86336,0.575552,0.0,0.0,0.0,0.0,0.0,0.0,0.0,0.0,0.0,1.052637,2.00169,2.002094,3.0435659999999998,5.765295,6.44822,7653.959153999999,2.365200291
2025-03-12,19:41:44.959,CCT_AGGREGATOR,CCT_AGGREGATOR,0.026185,0.0,0.0,0.51732,3.6384,6.90688,0.256304,1.253632,1.005296,1.264256,0.734384,0.479408,0.394416,0.734384,0.594944,0.084992,1.72672,1.72672,1.151104,0.0,0.0,0.0,0.0,0.0,0.0,0.0,0.0,0.0,1.052637,2.00169,2.002094,3.0435659999999998,5.765295,6.44822,7653.959153999999,2.365200291
2025-03-12,19:42:44.950,CCT_AGGREGATOR,CCT_AGGREGATOR,0.026185,0.0,0.0,0.551808,0.72768,6.90688,0.341296,1.253632,1.005296,1.264256,0.734384,0.479408,0.479408,0.5644,0.594944,0.084992,0.86336,0.86336,0.575552,0.0,0.0,0.0,0.0,0.0,0.0,0.0,0.0,0.0,1.052637,2.00169,2.002094,3.0435659999999998,5.765295,6.44822,7653.959153999999,4.667448483
2025-03-12,19:43:44.954,CCT_AGGREGATOR,CCT_AGGREGATOR,0.026185,0.0,0.0,0.581985,3.6384,6.90688,0.256304,1.16864,1.005296,1.264256,0.649392,0.479408,0.394416,0.649392,0.594944,0.084992,0.86336,0.86336,0.575552,0.0,0.0,0.0,0.0,0.0,0.0,0.0,0.0,0.0,1.052637,2.00169,2.002094,3.0435659999999998,5.765295,6.44822,7653.959153999999,4.667448483
2025-03-12,19:44:44.959,CCT_AGGREGATOR,CCT_AGGREGATOR,0.026185,0.0,0.0,0.6164729999999999,0.72768,6.90688,0.256304,1.253632,1.005296,1.264256,0.649392,0.5644,0.394416,0.649392,0.594944,0.084992,0.86336,1.72672,0.575552,0.0,0.0,0.0,0.0,0.0,0.0,0.0,0.0,0.0,1.057874,0.41192999999999996,2.002094,1.9399499999999998,4.263855,6.44822,7653.959153999999,4.667448483
2025-03-12,19:45:44.960,CCT_AGGREGATOR,CCT_AGGREGATOR,0.026185,0.0,0.0,0.64665,3.6384,6.90688,0.256304,1.253632,1.005296,1.264256,0.5644,0.479408,0.394416,0.649392,0.594944,0.084992,0.86336,0.86336,1.151104,0.0,0.0,0.0,0.0,0.0,0.0,0.0,0.0,0.0,1.057874,0.41192999999999996,2.002094,1.9399499999999998,5.765295,6.44822,7653.959153999999,2.365200291
2025-03-12,19:46:44.952,CCT_AGGREGATOR,CCT_AGGREGATOR,0.026185,0.0,0.0,0.6811379999999999,0.72768,6.90688,0.256304,1.253632,1.005296,1.264256,0.649392,0.5644,0.479408,0.5644,0.594944,0.169984,0.86336,0.86336,0.575552,0.0,0.0,0.0,0.0,0.0,0.0,0.0,0.0,0.0,1.052637,2.00169,2.002094,1.9399499999999998,5.765295,6.44822,7653.959153999999,2.365200291
2025-03-12,19:47:44.959,CCT_AGGREGATOR,CCT_AGGREGATOR,0.026185,0.0,0.0,0.7113149999999999,3.6384,6.90688,0.256304,1.16864,1.005296,1.264256,0.5644,0.479408,0.394416,0.649392,0.594944,0.084992,0.86336,0.86336,0.575552,0.0,0.0,0.0,0.0,0.0,0.0,0.0,0.0,0.0,1.052637,2.00169,2.002094,0.8363339999999999,4.263855,6.44822,7653.959153999999,0.062952099
2025-03-12,19:48:44.961,CCT_AGGREGATOR,CCT_AGGREGATOR,0.026185,0.0,0.0,0.745803,0.72768,6.04352,0.256304,1.253632,1.005296,1.264256,0.5644,0.5644,0.394416,0.649392,0.509952,0.169984,1.72672,0.86336,1.151104,0.0,0.0,0.0,0.0,0.0,0.0,0.0,0.0,0.0,1.052637,2.00169,2.002094,0.8363339999999999,5.765295,6.44822,7653.959153999999,2.365200291
2025-03-12,19:49:44.964,CCT_AGGREGATOR,CCT_AGGREGATOR,0.026185,0.0,0.0,0.77598,3.6384,6.04352,0.256304,1.16864,1.005296,1.264256,0.5644,0.479408,0.394416,0.5644,0.594944,0.169984,0.86336,1.72672,0.575552,0.0,0.0,0.0,0.0,0.0,0.0,0.0,0.0,0.0,1.052637,2.00169,2.002094,0.8363339999999999,4.263855,6.44822,7653.959153999999,2.365200291
2025-03-12,19:50:44.969,CCT_AGGREGATOR,CCT_AGGREGATOR,0.026185,0.0,0.0,0.810468,0.72768,6.04352,0.256304,1.16864,1.090288,1.264256,0.479408,0.394416,0.394416,0.649392,0.594944,0.084992,1.72672,1.72672,0.575552,0.0,0.0,0.0,0.0,0.0,0.0,0.0,0.0,0.0,1.052637,2.00169,2.002094,0.8363339999999999,5.765295,6.44822,7653.959153999999,4.667448483
2025-03-12,19:51:44.974,CCT_AGGREGATOR,CCT_AGGREGATOR,0.026185,0.0,0.0,0.840645,3.6384,6.90688,0.256304,1.16864,1.005296,1.264256,0.479408,0.479408,0.394416,0.5644,0.594944,0.084992,0.86336,0.86336,1.151104,0.0,0.0,0.0,0.0,0.0,0.0,0.0,0.0,0.0,1.052637,2.00169,2.002094,0.8363339999999999,5.765295,6.44822,7653.959153999999,4.667448483
2025-03-12,19:52:44.977,CCT_AGGREGATOR,CCT_AGGREGATOR,0.026185,0.0,0.0,0.8751329999999999,0.72768,6.04352,0.256304,1.16864,1.005296,1.264256,0.479408,0.394416,0.394416,0.5644,0.594944,0.084992,0.86336,1.72672,0.575552,0.0,0.0,0.0,0.0,0.0,0.0,0.0,0.0,0.0,1.052637,2.00169,1.9931159999999999,4.147182,5.765295,9.90166,7653.959153999999,4.667448483
2025-03-12,19:53:44.980,CCT_AGGREGATOR,CCT_AGGREGATOR,0.026185,0.0,0.0,0.90531,3.6384,6.90688,0.256304,1.253632,1.005296,1.264256,0.479408,0.479408,0.394416,0.5644,0.594944,0.084992,1.72672,1.72672,0.575552,0.0,0.0,0.0,0.0,0.0,0.0,0.0,0.0,0.0,1.057874,0.41192999999999996,1.9931159999999999,4.147182,5.765295,6.44822,7653.959153999999,2.365200291
2025-03-12,19:54:44.983,CCT_AGGREGATOR,CCT_AGGREGATOR,0.026185,0.0,0.0,0.9397979999999999,0.72768,6.04352,0.256304,1.253632,1.005296,1.264256,0.394416,0.394416,0.394416,0.5644,0.509952,0.084992,0.86336,0.86336,1.151104,0.0,0.0,0.0,0.0,0.0,0.0,0.0,0.0,0.0,1.057874,0.41192999999999996,1.9931159999999999,3.0435659999999998,4.263855,6.44822,7653.959153999999,4.667448483
2025-03-12,19:55:44.987,CCT_AGGREGATOR,CCT_AGGREGATOR,0.026185,0.0,0.0,0.9699749999999999,3.6384,6.90688,0.256304,1.253632,1.005296,1.264256,0.394416,0.394416,0.394416,0.5644,0.509952,0.084992,1.72672,0.86336,0.575552,0.0,0.0,0.0,0.0,0.0,0.0,0.0,0.0,0.0,1.052637,2.00169,1.9931159999999999,3.0435659999999998,5.765295,9.90166,7653.959153999999,2.365200291
2025-03-12,19:56:44.533,CCT_AGGREGATOR,CCT_AGGREGATOR,0.026185,0.0,0.0,1.0044629999999999,0.72768,6.04352,0.341296,1.253632,1.005296,1.264256,0.394416,0.479408,0.394416,0.479408,0.594944,0.084992,0.86336,0.86336,1.151104,0.0,0.0,0.0,0.0,0.0,0.0,0.0,0.0,0.0,1.052637,2.00169,1.9931159999999999,3.0435659999999998,5.765295,6.44822,7668.621910999999,0.062952099
2025-03-12,19:57:44.982,CCT_AGGREGATOR,CCT_AGGREGATOR,0.026185,0.0,0.0,1.03464,3.6384,6.04352,0.256304,1.253632,1.005296,1.1792639999999999,0.309424,0.479408,0.309424,0.5644,0.509952,0.084992,0.86336,1.72672,0.575552,0.0,0.0,0.0,0.0,0.0,0.0,0.0,0.0,0.0,1.052637,2.00169,1.9931159999999999,3.0435659999999998,4.263855,6.44822,7653.959153999999,2.365200291
2025-03-12,19:58:44.969,CCT_AGGREGATOR,CCT_AGGREGATOR,0.026185,0.0,0.0,1.0691279999999999,0.72768,6.90688,0.256304,1.253632,1.005296,1.264256,0.394416,0.479408,0.394416,0.5644,0.509952,0.169984,0.86336,1.72672,1.151104,0.0,0.0,0.0,0.0,0.0,0.0,0.0,0.0,0.0,1.052637,2.00169,1.9931159999999999,3.0435659999999998,4.263855,6.44822,7653.959153999999,2.365200291
2025-03-12,19:59:44.961,CCT_AGGREGATOR,CCT_AGGREGATOR,0.026185,0.0,0.0,1.099305,3.6384,6.04352,0.256304,1.253632,1.090288,1.264256,0.224432,0.394416,0.394416,0.5644,0.509952,0.084992,0.86336,0.86336,0.575552,0.0,0.0,0.0,0.0,0.0,0.0,0.0,0.0,0.0,1.052637,2.00169,1.9931159999999999,1.9399499999999998,4.263855,6.44822,7653.959153999999,4.667448483
2025-03-12,20:00:44.940,CCT_AGGREGATOR,CCT_AGGREGATOR,0.026185,0.0,0.0,1.1337929999999998,0.72768,6.04352,0.256304,1.16864,1.005296,1.1792639999999999,0.309424,0.479408,0.394416,0.5644,0.509952,0.084992,1.72672,1.72672,0.575552,0.0,0.0,0.0,0.0,0.0,0.0,0.0,0.0,0.0,1.052637,2.00169,1.9931159999999999,1.9399499999999998,4.263855,6.44822,7653.959153999999,4.667448483
2025-03-12,20:01:44.934,CCT_AGGREGATOR,CCT_AGGREGATOR,0.026185,0.0,0.0,1.16397,3.6384,6.90688,0.256304,1.253632,1.005296,1.264256,0.224432,0.479408,0.309424,0.5644,0.509952,0.084992,0.86336,0.86336,0.575552,0.0,0.0,0.0,0.0,0.0,0.0,0.0,0.0,0.0,1.052637,2.00169,1.9931159999999999,0.8363339999999999,5.765295,6.44822,7653.959153999999,2.365200291
2025-03-12,20:02:44.929,CCT_AGGREGATOR,CCT_AGGREGATOR,0.026185,0.0,0.0,1.198458,0.72768,6.90688,0.256304,1.16864,1.090288,1.264256,0.224432,0.479408,0.309424,0.479408,0.509952,0.084992,0.86336,0.86336,0.575552,0.0,0.0,0.0,0.0,0.0,0.0,0.0,0.0,0.0,1.052637,2.00169,1.9931159999999999,0.8363339999999999,5.765295,9.90166,7653.959153999999,4.667448483
2025-03-12,20:03:44.925,CCT_AGGREGATOR,CCT_AGGREGATOR,0.026185,0.0,0.0,1.228635,3.6384,6.04352,0.256304,1.253632,0.920304,1.264256,0.224432,0.394416,0.309424,0.5644,0.42496,0.169984,0.86336,0.86336,0.575552,0.0,0.0,0.0,0.0,0.0,0.0,0.0,0.0,0.0,1.052637,2.00169,1.9931159999999999,0.8363339999999999,5.765295,6.44822,7653.959153999999,4.667448483
2025-03-12,20:04:44.911,CCT_AGGREGATOR,CCT_AGGREGATOR,0.026185,0.0,0.0,1.263123,0.72768,6.04352,0.256304,1.253632,1.005296,1.264256,0.13944,0.394416,0.309424,0.479408,0.509952,0.084992,0.86336,0.86336,1.151104,0.0,0.0,0.0,0.0,0.0,0.0,0.0,0.0,0.0,1.052637,2.00169,1.9931159999999999,0.8363339999999999,4.263855,6.44822,7653.959153999999,2.365200291
2025-03-12,20:05:44.913,CCT_AGGREGATOR,CCT_AGGREGATOR,0.026185,0.0,0.0,1.2933,3.6384,6.04352,0.256304,1.253632,1.005296,1.264256,0.224432,0.394416,0.309424,0.5644,0.509952,0.084992,0.86336,0.86336,0.575552,0.0,0.0,0.0,0.0,0.0,0.0,0.0,0.0,0.0,1.052637,2.00169,1.984138,4.147182,5.765295,6.44822,7653.959153999999,2.365200291
2025-03-12,20:06:44.913,CCT_AGGREGATOR,CCT_AGGREGATOR,0.026185,0.0,0.0,1.327788,0.72768,6.90688,0.256304,1.16864,1.005296,1.264256,0.13944,0.394416,0.394416,0.5644,0.509952,0.084992,0.86336,0.86336,0.575552,0.0,0.0,0.0,0.0,0.0,0.0,0.0,0.0,0.0,1.052637,2.00169,1.984138,4.147182,5.765295,6.44822,7653.959153999999,2.365200291
2025-03-12,20:07:44.914,CCT_AGGREGATOR,CCT_AGGREGATOR,0.026185,0.0,0.0,1.3579649999999999,3.6384,6.04352,0.256304,1.253632,1.005296,1.264256,0.13944,0.394416,0.309424,0.5644,0.509952,0.084992,0.86336,0.86336,0.575552,0.0,0.0,0.0,0.0,0.0,0.0,0.0,0.0,0.0,1.052637,2.00169,1.984138,3.0435659999999998,5.765295,6.44822,7653.959153999999,6.969696675
2025-03-12,20:08:44.912,CCT_AGGREGATOR,CCT_AGGREGATOR,0.026185,0.0,0.0,1.392453,0.72768,6.04352,0.256304,1.253632,1.005296,1.264256,0.054447999999999996,0.309424,0.309424,0.479408,0.509952,0.084992,1.72672,1.72672,1.151104,0.0,0.0,0.0,0.0,0.0,0.0,0.0,0.0,0.0,1.052637,2.00169,1.984138,4.147182,5.765295,6.44822,7653.959153999999,4.667448483
2025-03-12,20:09:44.914,CCT_AGGREGATOR,CCT_AGGREGATOR,0.026185,0.0,0.0,1.4226299999999998,3.6384,6.04352,0.341296,1.253632,1.005296,1.264256,0.054447999999999996,0.394416,0.309424,0.5644,0.509952,0.084992,0.86336,0.86336,1.151104,0.0,0.0,0.0,0.0,0.0,0.0,0.0,0.0,0.0,1.052637,1.9996199999999997,8.879242,3.0435659999999998,4.263855,6.44822,7653.959153999999,4.667448483
2025-03-12,20:10:44.916,CCT_AGGREGATOR,CCT_AGGREGATOR,0.026185,0.0,0.0,1.457118,0.72768,6.04352,0.256304,1.16864,1.005296,1.262928,1.329328,0.394416,0.309424,0.5644,0.509952,0.084992,0.86336,0.86336,1.151104,0.0,0.0,0.0,0.0,0.0,0.0,0.0,0.0,0.0,1.052637,1.9996199999999997,8.879242,3.0435659999999998,5.765295,6.44822,7653.959153999999,4.667448483
2025-03-12,20:11:44.916,CCT_AGGREGATOR,CCT_AGGREGATOR,0.026185,0.0,0.0,1.4872949999999998,3.6384,6.90688,0.256304,1.253632,1.005296,1.262928,1.329328,0.394416,0.309424,0.479408,0.509952,0.169984,0.86336,0.86336,0.575552,0.0,0.0,0.0,0.0,0.0,0.0,0.0,0.0,0.0,1.052637,2.00169,1.984138,3.0435659999999998,5.765295,6.44822,7653.959153999999,2.365200291
2025-03-12,20:12:44.915,CCT_AGGREGATOR,CCT_AGGREGATOR,0.026185,0.0,0.0,1.5217829999999999,0.72768,6.04352,0.256304,1.16864,1.005296,1.262928,1.329328,0.394416,0.309424,0.479408,0.509952,0.084992,0.86336,0.86336,1.151104,0.0,0.0,0.0,0.0,0.0,0.0,0.0,0.0,0.0,1.052637,2.00169,1.984138,1.9399499999999998,5.765295,6.44822,7653.959153999999,4.667448483
2025-03-12,20:13:44.905,CCT_AGGREGATOR,CCT_AGGREGATOR,0.026185,0.0,0.0,1.55196,3.6384,6.04352,0.256304,1.253632,1.005296,1.262928,1.2443359999999999,0.394416,0.309424,0.479408,0.509952,0.169984,0.86336,0.86336,0.575552,0.0,0.0,0.0,0.0,0.0,0.0,0.0,0.0,0.0,1.052637,2.00169,1.984138,1.9399499999999998,5.765295,6.44822,7653.959153999999,2.365200291
2025-03-12,20:14:44.464,CCT_AGGREGATOR,CCT_AGGREGATOR,0.026185,0.0,0.0,1.5864479999999999,0.72768,6.90688,0.341296,1.253632,1.005296,1.262928,1.329328,0.479408,0.309424,0.479408,0.509952,0.084992,0.86336,0.86336,0.575552,0.0,0.0,0.0,0.0,0.0,0.0,0.0,0.0,0.0,1.052637,2.00169,1.984138,1.9399499999999998,5.765295,6.44822,7653.959153999999,4.667448483
2025-03-12,20:15:44.913,CCT_AGGREGATOR,CCT_AGGREGATOR,0.026185,0.0,0.0,1.616625,3.6384,6.90688,0.256304,1.253632,1.005296,1.262928,1.2443359999999999,0.394416,0.309424,0.479408,0.509952,0.084992,0.86336,0.86336,0.575552,0.0,0.0,0.0,0.0,0.0,0.0,0.0,0.0,0.0,1.052637,2.00169,1.984138,1.9399499999999998,5.765295,9.90166,7653.959153999999,4.667448483
2025-03-12,20:16:44.916,CCT_AGGREGATOR,CCT_AGGREGATOR,0.026185,0.0,0.0,1.6511129999999998,0.72768,6.04352,0.256304,1.253632,1.005296,1.262928,1.2443359999999999,0.394416,0.309424,0.479408,0.509952,0.084992,0.86336,0.86336,0.575552,0.0,0.0,0.0,0.0,0.0,0.0,0.0,0.0,0.0,1.052637,1.9996199999999997,8.879242,0.8363339999999999,4.263855,6.44822,7653.959153999999,2.365200291
2025-03-12,20:17:44.918,CCT_AGGREGATOR,CCT_AGGREGATOR,0.026185,0.0,0.0,1.68129,3.6384,6.04352,0.256304,1.253632,1.005296,1.262928,1.2443359999999999,0.309424,0.309424,0.479408,0.42496,0.084992,0.86336,0.86336,0.575552,0.0,0.0,0.0,0.0,0.0,0.0,0.0,0.0,0.0,1.052637,2.00169,1.984138,0.8363339999999999,4.263855,6.44822,7653.959153999999,2.365200291
2025-03-12,20:18:44.908,CCT_AGGREGATOR,CCT_AGGREGATOR,0.026185,0.0,0.0,1.7157779999999998,0.72768,6.90688,0.256304,1.253632,1.005296,1.262928,1.2443359999999999,0.309424,0.224432,0.479408,0.509952,0.169984,0.86336,0.86336,0.575552,0.0,0.0,0.0,0.0,0.0,0.0,0.0,0.0,0.0,1.052637,2.00169,1.984138,0.8363339999999999,5.765295,6.44822,7653.959153999999,4.667448483
2025-03-12,20:19:44.911,CCT_AGGREGATOR,CCT_AGGREGATOR,0.026185,0.0,0.0,1.745955,3.6384,6.90688,0.256304,1.253632,1.005296,1.262928,1.159344,0.394416,0.309424,0.5644,0.509952,0.084992,0.86336,1.72672,0.575552,0.0,0.0,0.0,0.0,0.0,0.0,0.0,0.0,0.0,1.052637,2.00169,1.984138,0.8363339999999999,5.765295,6.44822,7653.959153999999,2.365200291
2025-03-12,20:20:44.913,CCT_AGGREGATOR,CCT_AGGREGATOR,0.026185,0.0,0.0,1.780443,0.72768,6.90688,0.256304,1.253632,1.090288,1.262928,1.159344,0.394416,0.309424,0.479408,0.509952,0.084992,0.86336,0.86336,0.575552,0.0,0.0,0.0,0.0,0.0,0.0,0.0,0.0,0.0,1.052637,2.00169,1.97516,4.147182,4.263855,6.44822,7653.959153999999,6.969696675
2025-03-12,20:21:44.915,CCT_AGGREGATOR,CCT_AGGREGATOR,0.026185,0.0,0.0,1.81062,3.6384,6.04352,0.341296,1.253632,1.005296,1.262928,1.159344,0.309424,0.309424,0.479408,0.42496,0.169984,0.86336,0.86336,0.575552,0.0,0.0,0.0,0.0,0.0,0.0,0.0,0.0,0.0,1.052637,1.9996199999999997,8.870264,4.147182,5.765295,6.44822,7653.959153999999,4.667448483
2025-03-12,20:22:44.918,CCT_AGGREGATOR,CCT_AGGREGATOR,0.026185,0.0,0.0,1.845108,0.72768,6.90688,0.256304,1.253632,1.090288,1.1779359999999999,1.074352,0.394416,0.309424,0.479408,0.42496,0.084992,1.72672,1.72672,0.575552,0.0,0.0,0.0,0.0,0.0,0.0,0.0,0.0,0.0,1.052637,2.00169,1.97516,4.147182,4.263855,6.44822,7653.959153999999,2.365200291
2025-03-12,20:23:44.912,CCT_AGGREGATOR,CCT_AGGREGATOR,0.026185,0.0,0.0,1.8752849999999999,3.6384,6.90688,0.256304,1.253632,1.005296,1.262928,1.159344,0.394416,0.309424,0.479408,0.42496,0.084992,0.86336,0.86336,0.575552,0.0,0.0,0.0,0.0,0.0,0.0,0.0,0.0,0.0,1.052637,2.00169,1.97516,3.0435659999999998,5.765295,6.44822,7653.959153999999,2.365200291
2025-03-12,20:24:44.913,CCT_AGGREGATOR,CCT_AGGREGATOR,0.026185,0.0,0.0,1.909773,0.72768,6.90688,0.256304,1.16864,1.005296,1.1779359999999999,1.074352,0.394416,0.309424,0.5644,0.509952,0.084992,1.72672,1.72672,0.575552,0.0,0.0,0.0,0.0,0.0,0.0,0.0,0.0,0.0,1.052637,2.00169,1.97516,3.0435659999999998,5.765295,6.44822,7653.959153999999,4.667448483
2025-03-12,20:25:44.914,CCT_AGGREGATOR,CCT_AGGREGATOR,0.026185,0.0,0.0,1.9399499999999998,3.6384,6.04352,0.256304,1.253632,1.005296,1.1779359999999999,1.074352,0.394416,0.309424,0.479408,0.509952,0.169984,0.86336,0.86336,0.575552,0.0,0.0,0.0,0.0,0.0,0.0,0.0,0.0,0.0,1.052637,1.9996199999999997,8.870264,3.0435659999999998,5.765295,6.44822,7653.959153999999,4.667448483
2025-03-12,20:26:44.916,CCT_AGGREGATOR,CCT_AGGREGATOR,0.026185,0.0,0.0,1.974438,0.72768,6.90688,0.256304,1.253632,1.005296,1.262928,1.074352,0.309424,0.309424,0.479408,0.42496,0.084992,0.86336,0.86336,1.151104,0.0,0.0,0.0,0.0,0.0,0.0,0.0,0.0,0.0,1.052637,1.9996199999999997,8.870264,3.0435659999999998,4.263855,6.44822,7653.959153999999,4.667448483
2025-03-12,20:27:44.922,CCT_AGGREGATOR,CCT_AGGREGATOR,0.026185,0.0,0.0,2.004615,3.6384,6.04352,0.256304,1.253632,1.005296,1.262928,0.98936,0.394416,0.224432,0.479408,0.42496,0.169984,0.86336,1.72672,1.151104,0.0,0.0,0.0,0.0,0.0,0.0,0.0,0.0,0.0,1.052637,2.00169,1.97516,1.9399499999999998,5.765295,9.90166,7653.959153999999,4.667448483
2025-03-12,20:28:44.924,CCT_AGGREGATOR,CCT_AGGREGATOR,0.026185,0.0,0.0,2.039103,0.72768,6.90688,0.256304,1.253632,1.090288,1.262928,0.98936,0.394416,0.309424,0.479408,0.509952,0.084992,0.86336,0.86336,0.575552,0.0,0.0,0.0,0.0,0.0,0.0,0.0,0.0,0.0,1.052637,2.00169,1.97516,1.9399499999999998,5.765295,6.44822,7653.959153999999,4.667448483
2025-03-12,20:29:44.925,CCT_AGGREGATOR,CCT_AGGREGATOR,0.026185,0.0,0.0,2.06928,3.6384,6.90688,0.256304,1.253632,1.005296,1.262928,0.904368,0.394416,0.309424,0.479408,0.42496,0.169984,0.86336,0.86336,0.575552,0.0,0.0,0.0,0.0,0.0,0.0,0.0,0.0,0.0,1.052637,2.00169,1.97516,1.9399499999999998,5.765295,9.90166,7653.959153999999,4.667448483
2025-03-12,20:30:44.917,CCT_AGGREGATOR,CCT_AGGREGATOR,0.026185,0.0,0.0,2.103768,0.72768,6.04352,0.341296,1.253632,1.005296,1.262928,0.904368,0.309424,0.309424,0.479408,0.42496,0.084992,0.86336,0.86336,0.575552,0.0,0.0,0.0,0.0,0.0,0.0,0.0,0.0,0.0,1.052637,2.00169,1.97516,1.9399499999999998,5.765295,6.44822,7653.959153999999,2.365200291
2025-03-12,20:31:44.922,CCT_AGGREGATOR,CCT_AGGREGATOR,0.026185,0.0,0.0,2.1339449999999998,3.6384,6.04352,0.256304,1.253632,1.090288,1.262928,0.904368,0.309424,0.309424,0.479408,0.509952,0.084992,0.86336,0.86336,0.575552,0.0,0.0,0.0,0.0,0.0,0.0,0.0,0.0,0.0,1.052637,1.9996199999999997,8.870264,0.8363339999999999,5.765295,9.90166,7653.959153999999,6.969696675
2025-03-12,20:32:44.480,CCT_AGGREGATOR,CCT_AGGREGATOR,0.026185,0.0,0.0,2.168433,0.72768,6.04352,0.341296,1.253632,1.005296,1.262928,0.98936,0.394416,0.309424,0.479408,0.509952,0.084992,0.86336,0.86336,0.575552,0.0,0.0,0.0,0.0,0.0,0.0,0.0,0.0,0.0,1.052637,1.9996199999999997,8.870264,1.9399499999999998,4.263855,9.90166,7653.959153999999,4.667448483
2025-03-12,20:33:44.916,CCT_AGGREGATOR,CCT_AGGREGATOR,0.026185,0.0,0.0,2.19861,3.6384,6.04352,0.256304,1.253632,1.005296,1.262928,0.819376,0.394416,0.224432,0.479408,0.42496,0.169984,1.72672,1.72672,0.575552,0.0,0.0,0.0,0.0,0.0,0.0,0.0,0.0,0.0,1.052637,1.4696999999999998,8.870264,0.8363339999999999,5.765295,6.44822,7653.959153999999,6.969696675
2025-03-12,20:34:44.921,CCT_AGGREGATOR,CCT_AGGREGATOR,0.026185,0.0,0.0,2.233098,0.72768,6.04352,0.341296,1.253632,1.005296,1.262928,0.819376,0.309424,0.309424,0.479408,0.42496,0.084992,0.86336,0.86336,1.151104,0.0,0.0,0.0,0.0,0.0,0.0,0.0,0.0,0.0,1.052637,1.9996199999999997,8.870264,0.8363339999999999,5.765295,6.44822,7653.959153999999,4.667448483
2025-03-12,20:35:44.923,CCT_AGGREGATOR,CCT_AGGREGATOR,0.026185,0.0,0.0,2.2632749999999997,3.6384,6.04352,0.256304,1.253632,1.005296,1.262928,0.819376,0.309424,0.309424,0.479408,0.42496,0.084992,1.72672,1.72672,0.575552,0.0,0.0,0.0,0.0,0.0,0.0,0.0,0.0,0.0,1.052637,2.00169,1.9661819999999999,4.147182,5.765295,6.44822,7653.959153999999,4.667448483
2025-03-12,20:36:44.913,CCT_AGGREGATOR,CCT_AGGREGATOR,0.026185,0.0,0.0,2.2977629999999998,0.72768,6.04352,0.256304,1.253632,1.005296,1.1779359999999999,0.819376,0.309424,0.309424,0.394416,0.42496,0.169984,0.86336,0.86336,0.575552,0.0,0.0,0.0,0.0,0.0,0.0,0.0,0.0,0.0,1.052637,1.9996199999999997,8.861286,4.147182,5.765295,6.44822,7653.959153999999,6.969696675
2025-03-12,20:37:44.918,CCT_AGGREGATOR,CCT_AGGREGATOR,0.026185,0.0,0.0,2.32794,3.6384,6.04352,0.341296,1.253632,1.005296,1.262928,0.819376,0.394416,0.309424,0.479408,0.42496,0.084992,1.72672,0.86336,0.575552,0.0,0.0,0.0,0.0,0.0,0.0,0.0,0.0,0.0,1.052637,1.9996199999999997,8.861286,4.147182,4.263855,6.44822,7653.959153999999,2.365200291
2025-03-12,20:38:44.920,CCT_AGGREGATOR,CCT_AGGREGATOR,0.026185,0.0,0.0,2.362428,0.72768,6.04352,0.256304,1.253632,1.005296,1.262928,0.734384,0.394416,0.309424,0.479408,0.42496,0.169984,0.86336,1.72672,0.575552,0.0,0.0,0.0,0.0,0.0,0.0,0.0,0.0,0.0,1.052637,2.00169,1.9661819999999999,3.0435659999999998,4.263855,6.44822,7653.959153999999,4.667448483
2025-03-12,20:39:44.920,CCT_AGGREGATOR,CCT_AGGREGATOR,0.026185,0.0,0.0,2.3926049999999996,3.6384,6.90688,0.256304,1.253632,1.005296,1.262928,0.734384,0.309424,0.309424,0.479408,0.42496,0.084992,1.72672,0.86336,0.575552,0.0,0.0,0.0,0.0,0.0,0.0,0.0,0.0,0.0,1.052637,1.9996199999999997,8.861286,3.0435659999999998,5.765295,9.90166,7653.959153999999,4.667448483
2025-03-12,20:40:44.910,CCT_AGGREGATOR,CCT_AGGREGATOR,0.026185,0.0,0.0,2.4270929999999997,0.72768,6.04352,0.256304,1.253632,1.090288,1.262928,0.734384,0.309424,0.224432,0.479408,0.509952,0.084992,0.86336,0.86336,0.575552,0.0,0.0,0.0,0.0,0.0,0.0,0.0,0.0,0.0,1.052637,2.00169,1.9661819999999999,3.0435659999999998,4.263855,6.44822,7653.959153999999,4.667448483
2025-03-12,20:41:44.915,CCT_AGGREGATOR,CCT_AGGREGATOR,0.026185,0.0,0.0,2.45727,3.6384,6.90688,0.256304,1.253632,1.005296,1.262928,0.734384,0.394416,0.224432,0.479408,0.509952,0.084992,0.86336,0.86336,0.575552,0.0,0.0,0.0,0.0,0.0,0.0,0.0,0.0,0.0,1.052637,2.00169,1.9661819999999999,3.0435659999999998,5.765295,6.44822,7653.959153999999,4.667448483
2025-03-12,20:42:44.919,CCT_AGGREGATOR,CCT_AGGREGATOR,0.026185,0.0,0.0,2.491758,0.72768,6.90688,0.256304,1.253632,1.005296,1.262928,0.649392,0.309424,0.309424,0.394416,0.42496,0.084992,0.86336,0.86336,0.575552,0.0,0.0,0.0,0.0,0.0,0.0,0.0,0.0,0.0,1.052637,1.9996199999999997,8.861286,3.0435659999999998,5.765295,6.44822,7653.959153999999,6.969696675
2025-03-12,20:43:44.921,CCT_AGGREGATOR,CCT_AGGREGATOR,0.026185,0.0,0.0,2.521935,3.6384,6.04352,0.256304,1.253632,1.090288,1.262928,0.649392,0.394416,0.224432,0.479408,0.509952,0.169984,1.72672,0.86336,1.151104,0.0,0.0,0.0,0.0,0.0,0.0,0.0,0.0,0.0,1.052637,2.00169,1.9661819999999999,1.9399499999999998,4.263855,6.44822,7653.959153999999,2.365200291
2025-03-12,20:44:44.926,CCT_AGGREGATOR,CCT_AGGREGATOR,0.026185,0.0,0.0,2.5564229999999997,0.72768,6.90688,0.341296,1.253632,1.005296,1.262928,0.649392,0.309424,0.224432,0.479408,0.509952,0.084992,0.86336,1.72672,0.575552,0.0,0.0,0.0,0.0,0.0,0.0,0.0,0.0,0.0,1.052637,1.9996199999999997,8.861286,1.9399499999999998,5.765295,6.44822,7653.959153999999,6.969696675
2025-03-12,20:45:44.924,CCT_AGGREGATOR,CCT_AGGREGATOR,0.026185,0.0,0.0,2.5866,3.6384,6.04352,0.341296,1.253632,1.090288,1.262928,0.5644,0.394416,0.309424,0.479408,0.42496,0.084992,0.86336,1.72672,1.151104,0.0,0.0,0.0,0.0,0.0,0.0,0.0,0.0,0.0,1.052637,1.9996199999999997,8.861286,1.9399499999999998,5.765295,9.90166,7653.959153999999,6.969696675
2025-03-12,20:46:44.926,CCT_AGGREGATOR,CCT_AGGREGATOR,0.026185,0.0,0.0,2.621088,0.72768,6.04352,0.256304,1.253632,1.005296,1.1779359999999999,0.5644,0.309424,0.309424,0.479408,0.42496,0.084992,1.72672,0.86336,0.575552,0.0,0.0,0.0,0.0,0.0,0.0,0.0,0.0,0.0,1.052637,2.00169,1.9661819999999999,1.9399499999999998,5.765295,6.44822,7653.959153999999,4.667448483
2025-03-12,20:47:44.928,CCT_AGGREGATOR,CCT_AGGREGATOR,0.026185,0.0,0.0,2.651265,3.6384,6.04352,0.256304,1.253632,1.005296,1.262928,0.5644,0.309424,0.224432,0.479408,0.42496,0.084992,0.86336,0.86336,0.575552,0.0,0.0,0.0,0.0,0.0,0.0,0.0,0.0,0.0,1.052637,2.00169,1.9661819999999999,0.8363339999999999,5.765295,6.44822,7653.959153999999,2.365200291
2025-03-12,20:48:44.928,CCT_AGGREGATOR,CCT_AGGREGATOR,0.026185,0.0,0.0,2.6857529999999996,0.72768,6.90688,0.256304,1.253632,1.005296,1.262928,0.5644,0.309424,0.309424,0.479408,0.42496,0.169984,0.86336,0.86336,0.575552,0.0,0.0,0.0,0.0,0.0,0.0,0.0,0.0,0.0,1.052637,1.9996199999999997,8.861286,0.8363339999999999,4.263855,6.44822,7653.959153999999,4.667448483
2025-03-12,20:49:44.931,CCT_AGGREGATOR,CCT_AGGREGATOR,0.026185,0.0,0.0,2.7159299999999997,3.6384,6.04352,0.341296,1.253632,1.090288,1.262928,0.479408,0.394416,0.309424,0.479408,0.42496,0.169984,0.86336,0.86336,0.575552,0.0,0.0,0.0,0.0,0.0,0.0,0.0,0.0,0.0,1.052637,1.9996199999999997,8.861286,0.8363339999999999,5.765295,6.44822,7653.959153999999,6.969696675
2025-03-12,20:50:44.474,CCT_AGGREGATOR,CCT_AGGREGATOR,0.026185,0.0,0.0,2.750418,0.72768,6.04352,0.341296,1.253632,1.005296,1.34792,0.5644,0.394416,0.224432,0.479408,0.509952,0.084992,0.86336,0.86336,0.575552,0.0,0.0,0.0,0.0,0.0,0.0,0.0,0.0,0.0,1.052637,1.9996199999999997,8.861286,0.8363339999999999,5.765295,6.44822,7653.959153999999,6.969696675
2025-03-12,20:51:44.927,CCT_AGGREGATOR,CCT_AGGREGATOR,0.026185,0.0,0.0,2.780595,3.6384,6.90688,0.256304,1.253632,0.920304,1.262928,0.479408,0.394416,0.224432,0.479408,0.42496,0.084992,0.86336,0.86336,0.575552,0.0,0.0,0.0,0.0,0.0,0.0,0.0,0.0,0.0,1.052637,1.4717699999999998,1.957204,4.147182,5.765295,6.44822,7653.959153999999,2.365200291
2025-03-12,20:52:44.929,CCT_AGGREGATOR,CCT_AGGREGATOR,0.026185,0.0,0.0,2.815083,0.72768,6.04352,0.256304,1.253632,1.090288,1.34792,0.479408,0.309424,0.224432,0.479408,0.509952,0.169984,0.86336,0.86336,0.575552,0.0,0.0,0.0,0.0,0.0,0.0,0.0,0.0,0.0,1.052637,1.9996199999999997,8.852308,4.147182,5.765295,9.90166,7653.959153999999,6.969696675
2025-03-12,20:53:44.932,CCT_AGGREGATOR,CCT_AGGREGATOR,0.026185,0.0,0.0,2.8452599999999997,3.6384,6.04352,0.256304,1.253632,1.090288,1.262928,0.479408,0.309424,0.309424,0.394416,0.42496,0.084992,0.86336,0.86336,0.575552,0.0,0.0,0.0,0.0,0.0,0.0,0.0,0.0,0.0,1.052637,1.9996199999999997,8.852308,4.147182,5.765295,6.44822,7653.959153999999,4.667448483
2025-03-12,20:54:44.922,CCT_AGGREGATOR,CCT_AGGREGATOR,0.026185,0.0,0.0,2.8797479999999998,0.72768,6.90688,0.256304,1.338624,1.090288,1.262928,0.479408,0.309424,0.309424,0.394416,0.42496,0.169984,0.86336,0.86336,1.151104,0.0,0.0,0.0,0.0,0.0,0.0,0.0,0.0,0.0,1.052637,1.9996199999999997,8.852308,4.147182,4.263855,6.44822,7653.959153999999,4.667448483
2025-03-12,20:55:44.926,CCT_AGGREGATOR,CCT_AGGREGATOR,0.026185,0.0,0.0,2.909925,3.6384,6.90688,0.256304,1.253632,1.005296,1.262928,0.394416,0.394416,0.224432,0.479408,0.42496,0.169984,0.86336,0.86336,0.575552,0.0,0.0,0.0,0.0,0.0,0.0,0.0,0.0,0.0,1.052637,2.00169,1.957204,3.0435659999999998,5.765295,6.44822,7653.959153999999,4.667448483
2025-03-12,20:56:44.927,CCT_AGGREGATOR,CCT_AGGREGATOR,0.026185,0.0,0.0,2.944413,0.72768,6.04352,0.256304,1.253632,1.005296,1.262928,0.394416,0.394416,0.224432,0.479408,0.42496,0.084992,0.86336,0.86336,0.575552,0.0,0.0,0.0,0.0,0.0,0.0,0.0,0.0,0.0,1.052637,2.00169,1.957204,3.0435659999999998,5.765295,6.44822,7653.959153999999,6.969696675
2025-03-12,20:57:44.928,CCT_AGGREGATOR,CCT_AGGREGATOR,0.026185,0.0,0.0,2.9745899999999996,3.6384,6.04352,0.341296,1.253632,1.005296,1.262928,0.394416,0.309424,0.309424,0.479408,0.509952,0.084992,1.72672,0.86336,0.575552,0.0,0.0,0.0,0.0,0.0,0.0,0.0,0.0,0.0,1.052637,1.9996199999999997,8.852308,3.0435659999999998,4.263855,6.44822,7653.959153999999,4.667448483
2025-03-12,20:58:44.929,CCT_AGGREGATOR,CCT_AGGREGATOR,0.026185,0.0,0.0,3.0090779999999997,0.72768,6.90688,0.341296,1.253632,1.005296,1.1779359999999999,0.309424,0.309424,0.224432,0.479408,0.42496,0.084992,0.86336,0.86336,0.575552,0.0,0.0,0.0,0.0,0.0,0.0,0.0,0.0,0.0,1.052637,1.9996199999999997,8.852308,3.0435659999999998,5.765295,9.90166,7653.959153999999,2.365200291
2025-03-12,20:59:44.920,CCT_AGGREGATOR,CCT_AGGREGATOR,0.026185,0.0,0.0,3.039255,3.6384,6.90688,0.256304,1.253632,1.090288,1.262928,0.394416,0.309424,0.224432,0.479408,0.42496,0.084992,0.86336,0.86336,0.575552,0.0,0.0,0.0,0.0,0.0,0.0,0.0,0.0,0.0,1.052637,2.00169,1.957204,3.0435659999999998,5.765295,6.44822,7653.959153999999,6.969696675
2025-03-12,21:00:44.925,CCT_AGGREGATOR,CCT_AGGREGATOR,0.026185,0.0,0.0,3.073743,0.72768,6.90688,0.256304,1.253632,1.005296,1.262928,0.394416,0.394416,0.224432,0.479408,0.42496,0.084992,0.86336,0.86336,0.575552,0.0,0.0,0.0,0.0,0.0,0.0,0.0,0.0,0.0,1.052637,1.9996199999999997,8.852308,1.9399499999999998,5.765295,6.44822,7653.959153999999,4.667448483
2025-03-12,21:01:44.928,CCT_AGGREGATOR,CCT_AGGREGATOR,0.026185,0.0,0.0,3.10392,3.6384,6.04352,0.256304,1.253632,1.005296,1.262928,0.309424,0.309424,0.309424,0.479408,0.42496,0.169984,1.72672,0.86336,0.575552,0.0,0.0,0.0,0.0,0.0,0.0,0.0,0.0,0.0,1.052637,1.9996199999999997,8.852308,1.9399499999999998,5.765295,6.44822,7653.959153999999,6.969696675
2025-03-12,21:02:44.931,CCT_AGGREGATOR,CCT_AGGREGATOR,0.026185,0.0,0.0,3.1384079999999996,0.72768,6.04352,0.256304,1.253632,1.090288,1.262928,0.224432,0.309424,0.224432,0.394416,0.42496,0.084992,0.86336,1.72672,0.575552,0.0,0.0,0.0,0.0,0.0,0.0,0.0,0.0,0.0,1.052637,1.9996199999999997,8.852308,1.9399499999999998,4.263855,9.90166,7653.959153999999,6.969696675
2025-03-12,21:03:44.939,CCT_AGGREGATOR,CCT_AGGREGATOR,0.026185,0.0,0.0,3.1685849999999998,3.6384,6.04352,0.256304,1.253632,1.005296,1.262928,0.224432,0.394416,0.224432,0.479408,0.42496,0.084992,0.86336,0.86336,0.575552,0.0,0.0,0.0,0.0,0.0,0.0,0.0,0.0,0.0,1.052637,1.9996199999999997,8.852308,1.9399499999999998,5.765295,6.44822,7653.959153999999,4.667448483
2025-03-12,21:04:44.942,CCT_AGGREGATOR,CCT_AGGREGATOR,0.026185,0.0,0.0,3.203073,0.72768,6.90688,0.256304,1.253632,1.005296,1.262928,0.224432,0.394416,0.309424,0.479408,0.42496,0.084992,1.72672,0.86336,0.575552,0.0,0.0,0.0,0.0,0.0,0.0,0.0,0.0,0.0,1.052637,1.4696999999999998,8.852308,0.8363339999999999,5.765295,6.44822,7653.959153999999,4.667448483
2025-03-12,21:05:44.938,CCT_AGGREGATOR,CCT_AGGREGATOR,0.026185,0.0,0.0,3.23325,3.6384,6.04352,0.256304,1.253632,1.005296,1.262928,0.224432,0.309424,0.224432,0.479408,0.42496,0.084992,0.86336,0.86336,0.575552,0.0,0.0,0.0,0.0,0.0,0.0,0.0,0.0,0.0,1.052637,1.4696999999999998,8.852308,0.8363339999999999,5.765295,6.44822,7653.959153999999,6.969696675
2025-03-12,21:06:44.941,CCT_AGGREGATOR,CCT_AGGREGATOR,0.026185,0.0,0.0,3.2677379999999996,0.72768,6.90688,0.256304,1.253632,1.005296,1.262928,0.224432,0.309424,0.309424,0.394416,0.42496,0.084992,0.86336,1.72672,0.575552,0.0,0.0,0.0,0.0,0.0,0.0,0.0,0.0,0.0,1.052637,1.9996199999999997,8.852308,0.8363339999999999,5.765295,6.44822,7653.959153999999,6.969696675
2025-03-12,21:07:44.929,CCT_AGGREGATOR,CCT_AGGREGATOR,0.026185,0.0,0.0,3.2979149999999997,3.6384,6.04352,0.256304,1.253632,1.005296,1.262928,0.13944,0.394416,0.224432,0.479408,0.42496,0.169984,0.86336,0.86336,0.575552,0.0,0.0,0.0,0.0,0.0,0.0,0.0,0.0,0.0,1.052637,1.4696999999999998,8.852308,0.8363339999999999,4.263855,6.44822,7653.959153999999,4.667448483
2025-03-12,21:08:44.488,CCT_AGGREGATOR,CCT_AGGREGATOR,0.026185,0.0,0.0,3.332403,0.72768,6.90688,0.256304,1.253632,1.090288,1.262928,0.13944,0.309424,0.224432,0.479408,0.509952,0.169984,0.86336,0.86336,0.575552,0.0,0.0,0.0,0.0,0.0,0.0,0.0,0.0,0.0,1.052637,1.4696999999999998,8.852308,0.8363339999999999,5.765295,6.44822,7653.959153999999,4.667448483
2025-03-12,21:09:44.937,CCT_AGGREGATOR,CCT_AGGREGATOR,0.026185,0.0,0.0,3.36258,3.6384,6.90688,0.256304,1.253632,1.005296,1.34792,0.13944,0.309424,0.224432,0.479408,0.42496,0.169984,0.86336,0.86336,1.151104,0.0,0.0,0.0,0.0,0.0,0.0,0.0,0.0,0.0,1.052637,1.9996199999999997,8.84333,4.147182,5.765295,9.90166,7653.959153999999,6.969696675
2025-03-12,21:10:44.939,CCT_AGGREGATOR,CCT_AGGREGATOR,0.026185,0.0,0.0,3.397068,0.72768,6.04352,0.341296,1.338624,1.005296,1.262928,0.13944,0.309424,0.224432,0.479408,0.509952,0.084992,0.86336,1.72672,0.575552,0.0,0.0,0.0,0.0,0.0,0.0,0.0,0.0,0.0,1.052637,1.4696999999999998,8.84333,4.147182,5.765295,6.44822,7653.959153999999,2.365200291
2025-03-12,21:11:44.928,CCT_AGGREGATOR,CCT_AGGREGATOR,0.026185,0.0,0.0,3.4272449999999997,3.6384,6.90688,0.256304,1.253632,1.005296,1.1779359999999999,0.054447999999999996,0.309424,0.224432,0.479408,0.42496,0.084992,0.86336,0.86336,0.575552,0.0,0.0,0.0,0.0,0.0,0.0,0.0,0.0,0.0,1.052637,1.4696999999999998,8.84333,3.0435659999999998,4.263855,6.44822,7683.284667999999,0.062952099
2025-03-12,21:12:44.932,CCT_AGGREGATOR,CCT_AGGREGATOR,0.026185,0.0,0.0,3.4617329999999997,0.72768,6.90688,0.256304,1.253632,1.090288,1.262928,0.054447999999999996,0.309424,0.224432,0.479408,0.42496,0.084992,0.86336,1.72672,0.575552,0.0,0.0,0.0,0.0,0.0,0.0,0.0,0.0,0.0,1.052637,1.9996199999999997,8.84333,3.0435659999999998,5.765295,9.90166,7653.959153999999,4.667448483
2025-03-12,21:13:44.933,CCT_AGGREGATOR,CCT_AGGREGATOR,0.026185,0.0,0.0,3.49191,3.6384,6.90688,0.256304,1.253632,1.005296,1.1779359999999999,0.054447999999999996,0.394416,0.224432,0.479408,0.42496,0.169984,0.86336,1.72672,0.575552,0.0,0.0,0.0,0.0,0.0,0.0,0.0,0.0,0.0,1.052637,1.9996199999999997,8.84333,4.147182,5.765295,6.44822,7653.959153999999,6.969696675
2025-03-12,21:14:44.933,CCT_AGGREGATOR,CCT_AGGREGATOR,0.026185,0.0,0.0,3.526398,0.72768,6.90688,0.256304,1.253632,1.005296,1.262928,0.054447999999999996,0.394416,0.224432,0.479408,0.42496,0.084992,0.86336,0.86336,1.151104,0.0,0.0,0.0,0.0,0.0,0.0,0.0,0.0,0.0,1.052637,1.9996199999999997,8.84333,3.0435659999999998,5.765295,6.44822,7653.959153999999,6.969696675
2025-03-12,21:15:44.935,CCT_AGGREGATOR,CCT_AGGREGATOR,0.026185,0.0,0.0,3.5565749999999996,3.6384,6.04352,0.256304,1.253632,1.005296,1.346592,1.329328,0.309424,0.224432,0.479408,0.509952,0.084992,1.72672,0.86336,0.575552,0.0,0.0,0.0,0.0,0.0,0.0,0.0,0.0,0.0,1.052637,1.9996199999999997,8.84333,3.0435659999999998,4.263855,6.44822,7653.959153999999,4.667448483
2025-03-12,21:16:44.924,CCT_AGGREGATOR,CCT_AGGREGATOR,0.026185,0.0,0.0,3.5910629999999997,0.72768,6.90688,0.256304,1.253632,1.005296,1.2616,1.329328,0.309424,0.309424,0.479408,0.509952,0.169984,0.86336,0.86336,1.151104,0.0,0.0,0.0,0.0,0.0,0.0,0.0,0.0,0.0,1.052637,1.9996199999999997,8.84333,1.9399499999999998,4.263855,6.44822,7653.959153999999,4.667448483
2025-03-12,21:17:44.929,CCT_AGGREGATOR,CCT_AGGREGATOR,0.026185,0.0,0.0,3.62124,3.6384,6.04352,0.256304,1.253632,1.005296,1.262928,0.054447999999999996,0.394416,0.224432,0.479408,0.42496,0.169984,0.86336,0.86336,0.575552,0.0,0.0,0.0,0.0,0.0,0.0,0.0,0.0,0.0,1.052637,1.4696999999999998,8.84333,3.0435659999999998,5.765295,6.44822,7653.959153999999,4.667448483
2025-03-12,21:18:44.937,CCT_AGGREGATOR,CCT_AGGREGATOR,0.026185,0.0,0.0,3.655728,0.72768,6.04352,0.341296,1.253632,1.005296,1.2616,1.329328,0.394416,0.224432,0.394416,0.42496,0.084992,0.86336,0.86336,0.575552,0.0,0.0,0.0,0.0,0.0,0.0,0.0,0.0,0.0,1.052637,1.4696999999999998,8.84333,1.9399499999999998,4.263855,6.44822,7653.959153999999,4.667448483
2025-03-12,21:19:44.934,CCT_AGGREGATOR,CCT_AGGREGATOR,0.026185,0.0,0.0,3.685905,3.6384,6.04352,0.256304,1.338624,1.090288,1.2616,1.2443359999999999,0.309424,0.309424,0.479408,0.509952,0.169984,0.86336,0.86336,0.575552,0.0,0.0,0.0,0.0,0.0,0.0,0.0,0.0,0.0,1.052637,1.9996199999999997,8.84333,1.9399499999999998,5.765295,6.44822,7653.959153999999,4.667448483
2025-03-12,21:20:44.934,CCT_AGGREGATOR,CCT_AGGREGATOR,0.026185,0.0,0.0,3.7203929999999996,0.72768,6.90688,0.256304,1.253632,1.005296,1.1766079999999999,1.2443359999999999,0.309424,0.224432,0.479408,0.42496,0.084992,1.72672,0.86336,0.575552,0.0,0.0,0.0,0.0,0.0,0.0,0.0,0.0,0.0,1.052637,1.9996199999999997,8.84333,1.9399499999999998,5.765295,6.44822,7653.959153999999,4.667448483
2025-03-12,21:21:44.937,CCT_AGGREGATOR,CCT_AGGREGATOR,0.026185,0.0,0.0,3.7505699999999997,3.6384,6.04352,0.256304,1.253632,1.005296,1.1766079999999999,1.2443359999999999,0.394416,0.224432,0.479408,0.42496,0.084992,0.86336,0.86336,0.575552,0.0,0.0,0.0,0.0,0.0,0.0,0.0,0.0,0.0,1.052637,1.9996199999999997,8.84333,0.8363339999999999,5.765295,6.44822,7653.959153999999,4.667448483
2025-03-12,21:22:44.938,CCT_AGGREGATOR,CCT_AGGREGATOR,0.026185,0.0,0.0,3.785058,0.72768,6.90688,0.256304,1.253632,1.005296,1.2616,1.2443359999999999,0.309424,0.224432,0.394416,0.42496,0.169984,0.86336,0.86336,0.575552,0.0,0.0,0.0,0.0,0.0,0.0,0.0,0.0,0.0,1.052637,1.9996199999999997,8.84333,0.8363339999999999,4.263855,6.44822,7653.959153999999,4.667448483
2025-03-12,21:23:44.942,CCT_AGGREGATOR,CCT_AGGREGATOR,0.026185,0.0,0.0,3.815235,3.6384,6.04352,0.341296,1.253632,1.005296,1.2616,1.159344,0.394416,0.224432,0.394416,0.42496,0.169984,0.86336,0.86336,0.575552,0.0,0.0,0.0,0.0,0.0,0.0,0.0,0.0,0.0,1.052637,1.9996199999999997,8.84333,0.8363339999999999,5.765295,9.90166,7653.959153999999,4.667448483
2025-03-12,21:24:44.945,CCT_AGGREGATOR,CCT_AGGREGATOR,0.026185,0.0,0.0,3.8497229999999996,0.72768,6.04352,0.256304,1.338624,1.005296,1.2616,1.159344,0.309424,0.224432,0.479408,0.42496,0.084992,0.86336,0.86336,0.575552,0.0,0.0,0.0,0.0,0.0,0.0,0.0,0.0,0.0,1.052637,1.9996199999999997,8.834351999999999,4.147182,4.263855,6.44822,7668.621910999999,0.062952099
2025-03-12,21:25:44.936,CCT_AGGREGATOR,CCT_AGGREGATOR,0.026185,0.0,0.0,3.8798999999999997,3.6384,6.04352,0.256304,1.338624,1.005296,1.2616,1.159344,0.394416,0.224432,0.479408,0.509952,0.084992,0.86336,1.72672,0.575552,0.0,0.0,0.0,0.0,0.0,0.0,0.0,0.0,0.0,1.052637,1.9996199999999997,8.84333,0.8363339999999999,4.263855,6.44822,7653.959153999999,6.969696675
2025-03-12,21:26:44.496,CCT_AGGREGATOR,CCT_AGGREGATOR,0.026185,0.0,0.0,3.9143879999999998,0.72768,6.04352,0.256304,1.338624,1.090288,1.2616,1.159344,0.309424,0.309424,0.479408,0.42496,0.169984,0.86336,0.86336,1.151104,0.0,0.0,0.0,0.0,0.0,0.0,0.0,0.0,0.0,1.052637,1.4696999999999998,8.834351999999999,4.147182,5.765295,6.44822,7668.621910999999,0.062952099
2025-03-12,21:27:44.946,CCT_AGGREGATOR,CCT_AGGREGATOR,0.026185,0.0,0.0,3.944565,3.6384,6.90688,0.341296,1.253632,1.090288,1.2616,1.159344,0.309424,0.224432,0.479408,0.42496,0.084992,0.86336,0.86336,0.575552,0.0,0.0,0.0,0.0,0.0,0.0,0.0,0.0,0.0,1.052637,1.9996199999999997,8.834351999999999,4.147182,5.765295,6.44822,7653.959153999999,4.667448483
2025-03-12,21:28:44.949,CCT_AGGREGATOR,CCT_AGGREGATOR,0.026185,0.0,0.0,3.979053,0.72768,6.90688,0.341296,1.253632,1.005296,1.2616,1.159344,0.394416,0.224432,0.479408,0.42496,0.084992,0.86336,0.86336,0.575552,0.0,0.0,0.0,0.0,0.0,0.0,0.0,0.0,0.0,1.052637,1.4696999999999998,8.834351999999999,4.147182,5.765295,6.44822,7653.959153999999,6.969696675
2025-03-12,21:29:44.950,CCT_AGGREGATOR,CCT_AGGREGATOR,0.026185,0.0,0.0,4.00923,3.6384,6.04352,0.256304,1.253632,1.005296,1.2616,1.074352,0.224432,0.224432,0.394416,0.42496,0.169984,0.86336,0.86336,0.575552,0.0,0.0,0.0,0.0,0.0,0.0,0.0,0.0,0.0,1.052637,1.4696999999999998,8.834351999999999,4.147182,5.765295,6.44822,11407.624946,6.969696675
2025-03-12,21:30:44.940,CCT_AGGREGATOR,CCT_AGGREGATOR,0.026185,0.0,0.0,4.043718,0.72768,6.04352,0.256304,1.338624,1.005296,1.2616,1.074352,0.394416,0.309424,0.479408,0.42496,0.084992,1.72672,0.86336,1.151104,0.0,0.0,0.0,0.0,0.0,0.0,0.0,0.0,0.0,1.052637,1.9996199999999997,8.834351999999999,4.147182,5.765295,6.44822,7653.959153999999,4.667448483
2025-03-12,21:31:44.943,CCT_AGGREGATOR,CCT_AGGREGATOR,0.026185,0.0,0.0,4.073894999999999,3.6384,6.90688,0.256304,1.253632,1.005296,1.1766079999999999,1.074352,0.309424,0.309424,0.479408,0.42496,0.084992,0.86336,1.72672,0.575552,0.0,0.0,0.0,0.0,0.0,0.0,0.0,0.0,0.0,1.052637,1.9996199999999997,8.834351999999999,3.0435659999999998,4.263855,9.90166,7653.959153999999,6.969696675
2025-03-12,21:32:44.945,CCT_AGGREGATOR,CCT_AGGREGATOR,0.026185,0.0,0.0,4.108383,0.72768,6.04352,0.341296,1.338624,1.005296,1.2616,1.074352,0.394416,0.224432,0.479408,0.42496,0.084992,1.72672,0.86336,0.575552,0.0,0.0,0.0,0.0,0.0,0.0,0.0,0.0,0.0,1.052637,1.9996199999999997,8.834351999999999,3.0435659999999998,5.765295,9.90166,7653.959153999999,6.969696675
2025-03-12,21:33:44.948,CCT_AGGREGATOR,CCT_AGGREGATOR,0.026185,0.0,0.0,4.13856,3.6384,6.04352,0.256304,1.253632,0.920304,1.2616,0.98936,0.394416,0.309424,0.479408,0.42496,0.169984,1.72672,1.72672,1.151104,0.0,0.0,0.0,0.0,0.0,0.0,0.0,0.0,0.0,1.052637,1.4696999999999998,8.834351999999999,1.9399499999999998,5.765295,6.44822,11407.624946,6.969696675
2025-03-12,21:34:44.951,CCT_AGGREGATOR,CCT_AGGREGATOR,0.026185,0.0,0.0,4.173048,0.72768,6.90688,0.256304,1.338624,1.005296,1.1766079999999999,0.98936,0.309424,0.224432,0.479408,0.42496,0.169984,0.86336,0.86336,0.575552,0.0,0.0,0.0,0.0,0.0,0.0,0.0,0.0,0.0,1.052637,1.4696999999999998,8.834351999999999,1.9399499999999998,4.263855,6.44822,7653.959153999999,6.969696675
2025-03-12,21:35:44.941,CCT_AGGREGATOR,CCT_AGGREGATOR,0.026185,0.0,0.0,4.203225,3.6384,6.04352,0.256304,1.338624,1.005296,1.2616,0.904368,0.394416,0.224432,0.479408,0.42496,0.084992,0.86336,1.72672,0.575552,0.0,0.0,0.0,0.0,0.0,0.0,0.0,0.0,0.0,1.052637,1.4696999999999998,8.834351999999999,1.9399499999999998,5.765295,6.44822,7653.959153999999,6.969696675
2025-03-12,21:36:44.946,CCT_AGGREGATOR,CCT_AGGREGATOR,0.026185,0.0,0.0,4.237712999999999,0.72768,6.90688,0.341296,1.253632,1.005296,1.1766079999999999,0.98936,0.394416,0.309424,0.479408,0.42496,0.084992,0.86336,0.86336,1.151104,0.0,0.0,0.0,0.0,0.0,0.0,0.0,0.0,0.0,1.052637,1.4696999999999998,8.834351999999999,1.9399499999999998,5.765295,6.44822,7653.959153999999,4.667448483
2025-03-12,21:37:44.950,CCT_AGGREGATOR,CCT_AGGREGATOR,0.026185,0.0,0.0,4.2678899999999995,3.6384,6.04352,0.256304,1.253632,1.005296,1.2616,0.98936,0.309424,0.309424,0.479408,0.42496,0.084992,1.72672,0.86336,0.575552,0.0,0.0,0.0,0.0,0.0,0.0,0.0,0.0,0.0,1.052637,1.9996199999999997,8.834351999999999,1.9399499999999998,5.765295,6.44822,7653.959153999999,4.667448483
2025-03-12,21:38:44.951,CCT_AGGREGATOR,CCT_AGGREGATOR,0.026185,0.0,0.0,4.302378,0.72768,6.04352,0.256304,1.253632,1.090288,1.2616,0.904368,0.309424,0.309424,0.479408,0.42496,0.169984,0.86336,0.86336,0.575552,0.0,0.0,0.0,0.0,0.0,0.0,0.0,0.0,0.0,1.052637,1.9996199999999997,8.834351999999999,1.9399499999999998,5.765295,6.44822,7653.959153999999,4.667448483
2025-03-12,21:39:44.955,CCT_AGGREGATOR,CCT_AGGREGATOR,0.026185,0.0,0.0,4.332555,3.6384,6.04352,0.256304,1.338624,1.005296,1.2616,0.904368,0.394416,0.224432,0.479408,0.42496,0.084992,0.86336,0.86336,1.151104,0.0,0.0,0.0,0.0,0.0,0.0,0.0,0.0,0.0,1.052637,1.4696999999999998,8.834351999999999,0.8363339999999999,5.765295,6.44822,7653.959153999999,4.667448483
2025-03-12,21:40:44.956,CCT_AGGREGATOR,CCT_AGGREGATOR,0.026185,0.0,0.0,4.367043,0.72768,6.04352,0.256304,1.338624,1.090288,1.2616,0.904368,0.394416,0.309424,0.479408,0.509952,0.084992,1.72672,0.86336,0.575552,0.0,0.0,0.0,0.0,0.0,0.0,0.0,0.0,0.0,1.052637,1.9996199999999997,8.834351999999999,0.8363339999999999,5.765295,6.44822,7653.959153999999,6.969696675
2025-03-12,21:41:44.958,CCT_AGGREGATOR,CCT_AGGREGATOR,0.026185,0.0,0.0,4.39722,3.6384,6.04352,0.256304,1.338624,1.005296,1.2616,0.904368,0.309424,0.224432,0.394416,0.42496,0.169984,0.86336,0.86336,0.575552,0.0,0.0,0.0,0.0,0.0,0.0,0.0,0.0,0.0,1.052637,1.9996199999999997,8.834351999999999,0.8363339999999999,5.765295,6.44822,7653.959153999999,6.969696675
2025-03-12,21:42:44.961,CCT_AGGREGATOR,CCT_AGGREGATOR,0.026185,0.0,0.00207,0.017244,0.72768,6.04352,0.256304,1.338624,1.090288,1.2616,0.819376,0.309424,0.309424,0.479408,0.42496,0.169984,0.86336,0.86336,0.575552,0.0,0.0,0.0,0.0,0.0,0.0,0.0,0.0,0.0,1.052637,2.00169,1.93027,4.147182,5.765295,6.44822,7653.959153999999,4.667448483
2025-03-12,21:43:44.953,CCT_AGGREGATOR,CCT_AGGREGATOR,0.026185,0.0,0.00207,0.047421,3.6384,6.04352,0.256304,1.338624,1.005296,1.1766079999999999,0.904368,0.394416,0.309424,0.394416,0.509952,0.084992,0.86336,1.72672,0.575552,0.0,0.0,0.0,0.0,0.0,0.0,0.0,0.0,0.0,1.052637,2.00169,1.939248,0.8363339999999999,4.263855,6.44822,7653.959153999999,6.969696675
2025-03-12,21:44:44.512,CCT_AGGREGATOR,CCT_AGGREGATOR,0.026185,0.0,0.00207,0.081909,0.72768,6.90688,0.256304,1.253632,1.005296,1.2616,0.904368,0.309424,0.309424,0.479408,0.509952,0.084992,0.86336,0.86336,1.151104,0.0,0.0,0.0,0.0,0.0,0.0,0.0,0.0,0.0,1.052637,1.4696999999999998,8.825374,4.147182,5.765295,6.44822,7653.959153999999,6.969696675
2025-03-12,21:45:44.961,CCT_AGGREGATOR,CCT_AGGREGATOR,0.026185,0.0,0.00207,0.11208599999999999,3.6384,6.90688,0.256304,1.253632,1.090288,1.2616,0.819376,0.309424,0.309424,0.479408,0.42496,0.169984,0.86336,0.86336,0.575552,0.0,0.0,0.0,0.0,0.0,0.0,0.0,0.0,0.0,1.052637,2.00169,1.93027,4.147182,5.765295,9.90166,7653.959153999999,6.969696675
2025-03-12,21:46:44.962,CCT_AGGREGATOR,CCT_AGGREGATOR,0.026185,0.0,0.00207,0.14657399999999998,0.72768,6.90688,0.256304,1.338624,1.005296,1.1766079999999999,0.819376,0.394416,0.309424,0.479408,0.509952,0.084992,0.86336,0.86336,0.575552,0.0,0.0,0.0,0.0,0.0,0.0,0.0,0.0,0.0,1.052637,1.9996199999999997,8.825374,4.147182,5.765295,6.44822,7653.959153999999,4.667448483
2025-03-12,21:47:44.962,CCT_AGGREGATOR,CCT_AGGREGATOR,0.026185,0.0,0.00207,0.176751,3.6384,6.90688,0.256304,1.338624,1.090288,1.2616,0.734384,0.309424,0.309424,0.479408,0.42496,0.169984,1.72672,0.86336,0.575552,0.0,0.0,0.0,0.0,0.0,0.0,0.0,0.0,0.0,1.052637,1.9996199999999997,8.825374,3.0435659999999998,5.765295,6.44822,7653.959153999999,4.667448483
2025-03-12,21:48:44.951,CCT_AGGREGATOR,CCT_AGGREGATOR,0.026185,0.0,0.00207,0.21123899999999998,0.72768,6.04352,0.256304,1.253632,1.005296,1.2616,0.734384,0.394416,0.224432,0.5644,0.42496,0.084992,0.86336,0.86336,1.151104,0.0,0.0,0.0,0.0,0.0,0.0,0.0,0.0,0.0,1.052637,1.9996199999999997,8.825374,3.0435659999999998,5.765295,6.44822,7653.959153999999,6.969696675
2025-03-12,21:49:44.956,CCT_AGGREGATOR,CCT_AGGREGATOR,0.026185,0.0,0.00207,0.241416,3.6384,6.90688,0.341296,1.253632,1.005296,1.2616,0.734384,0.394416,0.224432,0.479408,0.42496,0.084992,1.72672,0.86336,1.151104,0.0,0.0,0.0,0.0,0.0,0.0,0.0,0.0,0.0,1.052637,1.9996199999999997,8.825374,3.0435659999999998,4.263855,6.44822,7653.959153999999,6.969696675
2025-03-12,21:50:44.956,CCT_AGGREGATOR,CCT_AGGREGATOR,0.026185,0.0,0.00207,0.275904,0.72768,6.04352,0.341296,1.338624,1.005296,1.2616,0.734384,0.394416,0.224432,0.394416,0.42496,0.084992,0.86336,0.86336,0.575552,0.0,0.0,0.0,0.0,0.0,0.0,0.0,0.0,0.0,1.052637,1.9996199999999997,8.825374,1.9399499999999998,5.765295,6.44822,7653.959153999999,6.969696675
2025-03-12,21:51:44.959,CCT_AGGREGATOR,CCT_AGGREGATOR,0.026185,0.0,0.00207,0.306081,3.6384,6.04352,0.256304,1.253632,1.005296,1.2616,0.734384,0.309424,0.309424,0.479408,0.42496,0.084992,0.86336,0.86336,0.575552,0.0,0.0,0.0,0.0,0.0,0.0,0.0,0.0,0.0,1.052637,1.9996199999999997,8.825374,1.9399499999999998,5.765295,6.44822,7653.959153999999,6.969696675
2025-03-12,21:52:44.961,CCT_AGGREGATOR,CCT_AGGREGATOR,0.026185,0.0,0.00207,0.34056899999999996,0.72768,6.04352,0.256304,1.338624,1.005296,1.346592,0.649392,0.394416,0.224432,0.394416,0.42496,0.084992,0.86336,0.86336,0.575552,0.0,0.0,0.0,0.0,0.0,0.0,0.0,0.0,0.0,1.052637,1.9996199999999997,8.825374,3.0435659999999998,4.263855,6.44822,7653.959153999999,4.667448483
2025-03-12,21:53:44.952,CCT_AGGREGATOR,CCT_AGGREGATOR,0.026185,0.0,0.00207,0.37074599999999996,3.6384,6.04352,0.256304,1.338624,1.005296,1.2616,0.734384,0.394416,0.309424,0.479408,0.42496,0.084992,0.86336,1.72672,0.575552,0.0,0.0,0.0,0.0,0.0,0.0,0.0,0.0,0.0,1.052637,1.9996199999999997,8.825374,1.9399499999999998,5.765295,6.44822,7653.959153999999,6.969696675
2025-03-12,21:54:44.955,CCT_AGGREGATOR,CCT_AGGREGATOR,0.026185,0.0,0.00207,0.405234,0.72768,6.04352,0.256304,1.253632,1.005296,1.2616,0.5644,0.394416,0.224432,0.479408,0.509952,0.084992,1.72672,0.86336,0.575552,0.0,0.0,0.0,0.0,0.0,0.0,0.0,0.0,0.0,1.052637,2.00169,1.93027,1.9399499999999998,5.765295,6.44822,7653.959153999999,4.667448483
2025-03-12,21:55:44.960,CCT_AGGREGATOR,CCT_AGGREGATOR,0.026185,0.0,0.00207,0.435411,3.6384,6.90688,0.256304,1.338624,1.090288,1.2616,0.649392,0.394416,0.224432,0.479408,0.42496,0.169984,0.86336,0.86336,0.575552,0.0,0.0,0.0,0.0,0.0,0.0,0.0,0.0,0.0,1.052637,1.9996199999999997,8.825374,1.9399499999999998,5.765295,6.44822,7653.959153999999,6.969696675
2025-03-12,21:56:44.961,CCT_AGGREGATOR,CCT_AGGREGATOR,0.026185,0.0,0.00207,0.46989899999999996,0.72768,6.04352,0.256304,1.253632,1.005296,1.2616,0.649392,0.309424,0.309424,0.479408,0.42496,0.084992,0.86336,1.72672,0.575552,0.0,0.0,0.0,0.0,0.0,0.0,0.0,0.0,0.0,1.052637,1.9996199999999997,8.825374,0.8363339999999999,4.263855,6.44822,7653.959153999999,4.667448483
2025-03-12,21:57:44.961,CCT_AGGREGATOR,CCT_AGGREGATOR,0.026185,0.0,0.00207,0.500076,3.6384,6.90688,0.256304,1.253632,1.090288,1.2616,0.5644,0.309424,0.224432,0.479408,0.42496,0.084992,0.86336,1.72672,0.575552,0.0,0.0,0.0,0.0,0.0,0.0,0.0,0.0,0.0,1.052637,2.00169,1.93027,0.8363339999999999,5.765295,6.44822,7653.959153999999,4.667448483
2025-03-12,21:58:44.960,CCT_AGGREGATOR,CCT_AGGREGATOR,0.026185,0.0,0.00207,0.5345639999999999,0.72768,6.04352,0.256304,1.338624,1.005296,1.2616,0.5644,0.309424,0.224432,0.479408,0.509952,0.084992,0.86336,0.86336,0.575552,0.0,0.0,0.0,0.0,0.0,0.0,0.0,0.0,0.0,1.052637,1.9996199999999997,8.825374,0.8363339999999999,5.765295,6.44822,11422.287703,0.062952099
2025-03-12,21:59:44.955,CCT_AGGREGATOR,CCT_AGGREGATOR,0.026185,0.0,0.00207,0.5647409999999999,3.6384,6.90688,0.256304,1.253632,1.090288,1.2616,0.5644,0.394416,0.224432,0.479408,0.509952,0.169984,1.72672,1.72672,0.575552,0.0,0.0,0.0,0.0,0.0,0.0,0.0,0.0,0.0,1.052637,1.9996199999999997,8.825374,0.8363339999999999,4.263855,6.44822,7668.621910999999,0.062952099
2025-03-12,22:00:44.957,CCT_AGGREGATOR,CCT_AGGREGATOR,0.026185,0.0,0.00207,0.599229,0.72768,6.90688,0.256304,1.338624,1.005296,1.2616,0.5644,0.309424,0.309424,0.479408,0.42496,0.084992,1.72672,0.86336,1.151104,0.0,0.0,0.0,0.0,0.0,0.0,0.0,0.0,0.0,1.052637,1.9996199999999997,8.816396,4.147182,5.765295,6.44822,7653.959153999999,6.969696675
2025-03-12,22:01:44.943,CCT_AGGREGATOR,CCT_AGGREGATOR,0.026185,0.0,0.00207,0.6294059999999999,3.6384,6.04352,0.256304,1.338624,1.005296,1.2616,0.479408,0.394416,0.224432,0.479408,0.42496,0.169984,0.86336,0.86336,1.151104,0.0,0.0,0.0,0.0,0.0,0.0,0.0,0.0,0.0,1.052637,1.4696999999999998,8.816396,4.147182,5.765295,6.44822,7653.959153999999,6.969696675
2025-03-12,22:02:44.500,CCT_AGGREGATOR,CCT_AGGREGATOR,0.026185,0.0,0.00207,0.663894,0.72768,6.04352,0.256304,1.253632,1.005296,1.1766079999999999,0.479408,0.309424,0.309424,0.479408,0.42496,0.084992,0.86336,0.86336,0.575552,0.0,0.0,0.0,0.0,0.0,0.0,0.0,0.0,0.0,1.052637,1.9996199999999997,8.816396,4.147182,4.263855,6.44822,7668.621910999999,0.062952099
2025-03-12,22:03:44.946,CCT_AGGREGATOR,CCT_AGGREGATOR,0.026185,0.0,0.00207,0.694071,3.6384,6.04352,0.256304,1.338624,1.005296,1.2616,0.5644,0.394416,0.309424,0.479408,0.42496,0.084992,1.72672,0.86336,0.575552,0.0,0.0,0.0,0.0,0.0,0.0,0.0,0.0,0.0,1.052637,2.00169,1.921292,4.147182,5.765295,9.90166,7653.959153999999,4.667448483
2025-03-12,22:04:44.944,CCT_AGGREGATOR,CCT_AGGREGATOR,0.026185,0.0,0.00207,0.728559,0.72768,6.90688,0.256304,1.253632,1.090288,1.1766079999999999,0.394416,0.309424,0.309424,0.479408,0.42496,0.084992,0.86336,1.72672,0.575552,0.0,0.0,0.0,0.0,0.0,0.0,0.0,0.0,0.0,1.052637,2.00169,1.921292,4.147182,5.765295,6.44822,7668.621910999999,0.062952099
2025-03-12,22:05:44.947,CCT_AGGREGATOR,CCT_AGGREGATOR,0.026185,0.0,0.00207,0.758736,3.6384,6.90688,0.256304,1.253632,1.090288,1.2616,0.394416,0.309424,0.224432,0.479408,0.42496,0.084992,0.86336,0.86336,1.151104,0.0,0.0,0.0,0.0,0.0,0.0,0.0,0.0,0.0,1.052637,1.9996199999999997,8.816396,4.147182,5.765295,6.44822,7653.959153999999,4.667448483
2025-03-12,22:06:44.934,CCT_AGGREGATOR,CCT_AGGREGATOR,0.026185,0.0,0.00207,0.7932239999999999,0.72768,6.04352,0.341296,1.338624,1.090288,1.2616,0.479408,0.394416,0.309424,0.479408,0.42496,0.084992,0.86336,1.72672,0.575552,0.0,0.0,0.0,0.0,0.0,0.0,0.0,0.0,0.0,1.052637,1.9996199999999997,8.816396,3.0435659999999998,5.765295,6.44822,11407.624946,6.969696675
2025-03-12,22:07:44.935,CCT_AGGREGATOR,CCT_AGGREGATOR,0.026185,0.0,0.00207,0.8234009999999999,3.6384,6.04352,0.256304,1.338624,1.090288,1.2616,0.394416,0.394416,0.224432,0.479408,0.509952,0.084992,0.86336,1.72672,0.575552,0.0,0.0,0.0,0.0,0.0,0.0,0.0,0.0,0.0,1.052637,1.9996199999999997,8.816396,3.0435659999999998,5.765295,6.44822,7653.959153999999,4.667448483
2025-03-12,22:08:44.934,CCT_AGGREGATOR,CCT_AGGREGATOR,0.026185,0.0,0.00207,0.8578889999999999,0.72768,6.90688,0.256304,1.253632,1.005296,1.2616,0.394416,0.394416,0.224432,0.479408,0.42496,0.084992,0.86336,0.86336,0.575552,0.0,0.0,0.0,0.0,0.0,0.0,0.0,0.0,0.0,1.052637,1.9996199999999997,8.816396,3.0435659999999998,5.765295,6.44822,7668.621910999999,0.062952099
2025-03-12,22:09:44.934,CCT_AGGREGATOR,CCT_AGGREGATOR,0.026185,0.0,0.00207,0.8880659999999999,3.6384,6.04352,0.256304,1.253632,1.005296,1.2616,0.394416,0.309424,0.224432,0.479408,0.42496,0.084992,0.86336,1.72672,0.575552,0.0,0.0,0.0,0.0,0.0,0.0,0.0,0.0,0.0,1.052637,2.00169,1.921292,1.9399499999999998,5.765295,6.44822,7668.621910999999,0.062952099
2025-03-12,22:10:44.922,CCT_AGGREGATOR,CCT_AGGREGATOR,0.026185,0.0,0.00207,0.922554,0.72768,6.04352,0.256304,1.338624,1.005296,1.2616,0.394416,0.394416,0.309424,0.479408,0.509952,0.084992,0.86336,0.86336,1.151104,0.0,0.0,0.0,0.0,0.0,0.0,0.0,0.0,0.0,1.052637,1.4717699999999998,1.921292,3.0435659999999998,5.765295,6.44822,7653.959153999999,6.969696675
2025-03-12,22:11:44.927,CCT_AGGREGATOR,CCT_AGGREGATOR,0.026185,0.0,0.00207,0.952731,3.6384,6.90688,0.256304,1.338624,1.005296,1.2616,0.309424,0.394416,0.224432,0.479408,0.42496,0.084992,0.86336,1.72672,0.575552,0.0,0.0,0.0,0.0,0.0,0.0,0.0,0.0,0.0,1.052637,1.4696999999999998,8.816396,1.9399499999999998,5.765295,6.44822,7653.959153999999,4.667448483
2025-03-12,22:12:44.929,CCT_AGGREGATOR,CCT_AGGREGATOR,0.026185,0.0,0.00207,0.987219,0.72768,6.04352,0.256304,1.338624,1.005296,1.1766079999999999,0.309424,0.394416,0.309424,0.5644,0.42496,0.169984,1.72672,0.86336,1.151104,0.0,0.0,0.0,0.0,0.0,0.0,0.0,0.0,0.0,1.052637,1.9996199999999997,8.816396,1.9399499999999998,4.263855,6.44822,7653.959153999999,6.969696675
2025-03-12,22:13:44.929,CCT_AGGREGATOR,CCT_AGGREGATOR,0.026185,0.0,0.00207,1.017396,3.6384,6.04352,0.256304,1.253632,1.005296,1.2616,0.309424,0.394416,0.309424,0.479408,0.42496,0.084992,0.86336,0.86336,0.575552,0.0,0.0,0.0,0.0,0.0,0.0,0.0,0.0,0.0,1.052637,1.4696999999999998,8.816396,1.9399499999999998,5.765295,9.90166,7653.959153999999,4.667448483
2025-03-12,22:14:44.929,CCT_AGGREGATOR,CCT_AGGREGATOR,0.026185,0.0,0.00207,1.051884,0.72768,6.04352,0.256304,1.253632,1.005296,1.2616,0.309424,0.309424,0.224432,0.479408,0.42496,0.084992,1.72672,0.86336,0.575552,0.0,0.0,0.0,0.0,0.0,0.0,0.0,0.0,0.0,1.052637,2.00169,1.921292,1.9399499999999998,4.263855,6.44822,7653.959153999999,6.969696675
2025-03-12,22:15:44.938,CCT_AGGREGATOR,CCT_AGGREGATOR,0.026185,0.0,0.00207,1.082061,3.6384,6.04352,0.341296,1.338624,1.005296,1.2616,0.224432,0.394416,0.309424,0.479408,0.42496,0.084992,0.86336,0.86336,0.575552,0.0,0.0,0.0,0.0,0.0,0.0,0.0,0.0,0.0,1.052637,1.4696999999999998,8.816396,0.8363339999999999,5.765295,6.44822,7653.959153999999,6.969696675
2025-03-12,22:16:44.933,CCT_AGGREGATOR,CCT_AGGREGATOR,0.026185,0.0,0.00207,1.116549,0.72768,6.04352,0.256304,1.253632,1.005296,1.2616,0.224432,0.394416,0.309424,0.479408,0.509952,0.084992,1.72672,0.86336,0.575552,0.0,0.0,0.0,0.0,0.0,0.0,0.0,0.0,0.0,1.052637,2.00169,1.921292,0.8363339999999999,5.765295,6.44822,7653.959153999999,6.969696675
2025-03-12,22:17:44.933,CCT_AGGREGATOR,CCT_AGGREGATOR,0.026185,0.0,0.00207,1.146726,3.6384,6.04352,0.341296,1.338624,1.005296,1.2616,0.13944,0.309424,0.309424,0.479408,0.42496,0.084992,0.86336,0.86336,0.575552,0.0,0.0,0.0,0.0,0.0,0.0,0.0,0.0,0.0,1.052637,2.00169,1.921292,0.8363339999999999,5.765295,6.44822,7653.959153999999,6.969696675
2025-03-12,22:18:44.935,CCT_AGGREGATOR,CCT_AGGREGATOR,0.026185,0.0,0.00207,1.181214,0.72768,6.04352,0.341296,1.338624,1.005296,1.2616,0.13944,0.309424,0.309424,0.394416,0.509952,0.084992,0.86336,1.72672,0.575552,0.0,0.0,0.0,0.0,0.0,0.0,0.0,0.0,0.0,1.052637,2.00169,1.912314,4.147182,5.765295,6.44822,7653.959153999999,4.667448483
2025-03-12,22:19:44.925,CCT_AGGREGATOR,CCT_AGGREGATOR,0.026185,0.0,0.00207,1.2113909999999999,3.6384,6.90688,0.25763199999999997,0.063744,1.005296,1.2616,0.13944,0.394416,0.224432,0.479408,0.42496,0.084992,0.86336,0.86336,0.575552,0.0,0.0,0.0,0.0,0.0,0.0,0.0,0.0,0.0,1.052637,1.9996199999999997,8.816396,0.8363339999999999,4.263855,6.44822,7653.959153999999,6.969696675
2025-03-12,22:20:44.484,CCT_AGGREGATOR,CCT_AGGREGATOR,0.026185,0.0,0.00207,1.245879,0.72768,6.90688,0.256304,1.338624,1.005296,1.2616,0.13944,0.394416,0.309424,0.479408,0.42496,0.169984,1.72672,0.86336,0.575552,0.0,0.0,0.0,0.0,0.0,0.0,0.0,0.0,0.0,1.052637,1.9996199999999997,8.807418,4.147182,4.263855,6.44822,11407.624946,6.969696675
2025-03-12,22:21:44.931,CCT_AGGREGATOR,CCT_AGGREGATOR,0.026185,0.0,0.00207,1.2760559999999999,3.6384,6.04352,0.341296,1.253632,1.005296,1.2616,0.054447999999999996,0.394416,0.309424,0.479408,0.509952,0.084992,0.86336,0.86336,0.575552,0.0,0.0,0.0,0.0,0.0,0.0,0.0,0.0,0.0,1.052637,2.00169,1.912314,4.147182,4.263855,6.44822,7653.959153999999,4.667448483
2025-03-12,22:22:44.932,CCT_AGGREGATOR,CCT_AGGREGATOR,0.026185,0.0,0.00207,1.310544,0.72768,6.04352,0.256304,1.253632,1.005296,1.2616,0.054447999999999996,0.309424,0.309424,0.479408,0.509952,0.084992,1.72672,0.86336,0.575552,0.0,0.0,0.0,0.0,0.0,0.0,0.0,0.0,0.0,1.052637,1.9996199999999997,8.807418,4.147182,5.765295,6.44822,7668.621910999999,0.062952099
2025-03-12,22:23:44.922,CCT_AGGREGATOR,CCT_AGGREGATOR,0.026185,0.0,0.00207,1.3407209999999998,3.6384,6.90688,0.256304,1.253632,1.005296,1.2616,0.13944,0.309424,0.224432,0.479408,0.509952,0.084992,0.86336,0.86336,0.575552,0.0,0.0,0.0,0.0,0.0,0.0,0.0,0.0,0.0,1.052637,1.9996199999999997,8.807418,4.147182,4.263855,6.44822,7653.959153999999,6.969696675
2025-03-12,22:24:44.923,CCT_AGGREGATOR,CCT_AGGREGATOR,0.026185,0.0,0.00207,1.375209,0.72768,6.04352,0.256304,1.338624,1.005296,1.2616,0.054447999999999996,0.309424,0.309424,0.479408,0.42496,0.084992,1.72672,0.86336,1.151104,0.0,0.0,0.0,0.0,0.0,0.0,0.0,0.0,0.0,1.052637,1.4696999999999998,8.807418,4.147182,4.263855,9.90166,7668.621910999999,0.062952099
2025-03-12,22:25:44.925,CCT_AGGREGATOR,CCT_AGGREGATOR,0.026185,0.0,0.00207,1.4053859999999998,3.6384,6.04352,0.256304,1.338624,1.090288,1.2616,0.054447999999999996,0.309424,0.309424,0.479408,0.509952,0.169984,0.86336,1.72672,1.151104,0.0,0.0,0.0,0.0,0.0,0.0,0.0,0.0,0.0,1.052637,1.9996199999999997,8.807418,3.0435659999999998,5.765295,6.44822,7653.959153999999,6.969696675
2025-03-12,22:26:44.926,CCT_AGGREGATOR,CCT_AGGREGATOR,0.026185,0.0,0.00207,1.4398739999999999,0.72768,6.90688,0.341296,1.253632,1.005296,1.2616,0.054447999999999996,0.394416,0.224432,0.479408,0.42496,0.169984,0.86336,0.86336,1.151104,0.0,0.0,0.0,0.0,0.0,0.0,0.0,0.0,0.0,1.052637,1.9996199999999997,8.807418,3.0435659999999998,5.765295,6.44822,7668.621910999999,0.062952099
2025-03-12,22:27:44.927,CCT_AGGREGATOR,CCT_AGGREGATOR,0.026185,0.0,0.00207,1.470051,3.6384,6.04352,0.341296,1.338624,1.005296,1.345264,1.329328,0.309424,0.309424,0.479408,0.509952,0.084992,0.86336,0.86336,0.575552,0.0,0.0,0.0,0.0,0.0,0.0,0.0,0.0,0.0,1.052637,1.9996199999999997,8.807418,3.0435659999999998,4.263855,6.44822,7653.959153999999,4.667448483
2025-03-12,22:28:44.915,CCT_AGGREGATOR,CCT_AGGREGATOR,0.026185,0.0,0.00207,1.5045389999999998,0.72768,6.04352,0.341296,1.253632,1.005296,1.260272,1.329328,0.394416,0.309424,0.479408,0.42496,0.169984,0.86336,1.72672,0.575552,0.0,0.0,0.0,0.0,0.0,0.0,0.0,0.0,0.0,1.052637,1.9996199999999997,8.807418,3.0435659999999998,5.765295,6.44822,7653.959153999999,6.969696675
2025-03-12,22:29:44.925,CCT_AGGREGATOR,CCT_AGGREGATOR,0.026185,0.0,0.00207,1.534716,3.6384,6.04352,0.256304,1.338624,1.005296,1.2616,0.054447999999999996,0.394416,0.309424,0.479408,0.42496,0.084992,0.86336,0.86336,0.575552,0.0,0.0,0.0,0.0,0.0,0.0,0.0,0.0,0.0,1.052637,1.9996199999999997,8.807418,1.9399499999999998,5.765295,9.90166,7653.959153999999,4.667448483
2025-03-12,22:30:44.921,CCT_AGGREGATOR,CCT_AGGREGATOR,0.026185,0.0,0.00207,1.5692039999999998,0.72768,6.04352,0.256304,1.338624,1.005296,1.345264,1.2443359999999999,0.394416,0.309424,0.479408,0.42496,0.084992,0.86336,0.86336,0.575552,0.0,0.0,0.0,0.0,0.0,0.0,0.0,0.0,0.0,1.052637,1.9996199999999997,8.807418,1.9399499999999998,4.263855,6.44822,7653.959153999999,6.969696675
2025-03-12,22:31:44.922,CCT_AGGREGATOR,CCT_AGGREGATOR,0.026185,0.0,0.00207,1.599381,3.6384,6.04352,0.256304,1.338624,1.005296,1.260272,1.2443359999999999,0.309424,0.309424,0.479408,0.42496,0.084992,0.86336,0.86336,0.575552,0.0,0.0,0.0,0.0,0.0,0.0,0.0,0.0,0.0,1.052637,1.9996199999999997,8.807418,1.9399499999999998,4.263855,9.90166,7653.959153999999,4.667448483
2025-03-12,22:32:44.921,CCT_AGGREGATOR,CCT_AGGREGATOR,0.026185,0.0,0.00207,1.6338689999999998,0.72768,6.90688,0.256304,1.338624,1.005296,1.260272,1.329328,0.309424,0.224432,0.5644,0.509952,0.084992,0.86336,0.86336,1.151104,0.0,0.0,0.0,0.0,0.0,0.0,0.0,0.0,0.0,1.052637,1.4696999999999998,8.807418,1.9399499999999998,5.765295,6.44822,7653.959153999999,6.969696675
2025-03-12,22:33:44.925,CCT_AGGREGATOR,CCT_AGGREGATOR,0.026185,0.0,0.00207,1.664046,3.6384,6.04352,0.256304,1.338624,1.090288,1.260272,1.2443359999999999,0.309424,0.309424,0.479408,0.509952,0.084992,0.86336,0.86336,0.575552,0.0,0.0,0.0,0.0,0.0,0.0,0.0,0.0,0.0,1.052637,2.00169,1.912314,0.8363339999999999,5.765295,9.90166,7653.959153999999,6.969696675
2025-03-12,22:34:44.926,CCT_AGGREGATOR,CCT_AGGREGATOR,0.026185,0.0,0.00207,1.698534,0.72768,6.04352,0.256304,1.338624,1.005296,1.1752799999999999,1.159344,0.394416,0.309424,0.394416,0.42496,0.169984,0.86336,0.86336,0.575552,0.0,0.0,0.0,0.0,0.0,0.0,0.0,0.0,0.0,1.052637,1.9996199999999997,8.807418,1.9399499999999998,5.765295,6.44822,7653.959153999999,6.969696675
2025-03-12,22:35:44.926,CCT_AGGREGATOR,CCT_AGGREGATOR,0.026185,0.0,0.00207,1.7287109999999999,3.6384,6.04352,0.341296,1.338624,1.005296,1.260272,1.159344,0.394416,0.309424,0.479408,0.42496,0.169984,0.86336,0.86336,1.151104,0.0,0.0,0.0,0.0,0.0,0.0,0.0,0.0,0.0,1.052637,1.9996199999999997,8.807418,0.8363339999999999,4.263855,9.90166,7653.959153999999,6.969696675
2025-03-12,22:36:44.916,CCT_AGGREGATOR,CCT_AGGREGATOR,0.026185,0.0,0.00207,1.763199,0.72768,6.90688,0.341296,1.338624,1.005296,1.260272,1.2443359999999999,0.309424,0.309424,0.479408,0.42496,0.084992,0.86336,0.86336,0.575552,0.0,0.0,0.0,0.0,0.0,0.0,0.0,0.0,0.0,1.052637,1.4696999999999998,8.807418,0.8363339999999999,5.765295,6.44822,7653.959153999999,6.969696675
2025-03-12,22:37:44.919,CCT_AGGREGATOR,CCT_AGGREGATOR,0.026185,0.0,0.00207,1.7933759999999999,3.6384,6.04352,0.256304,1.338624,1.005296,1.260272,1.159344,0.309424,0.309424,0.479408,0.42496,0.084992,0.86336,0.86336,0.575552,0.0,0.0,0.0,0.0,0.0,0.0,0.0,0.0,0.0,1.052637,1.9996199999999997,8.807418,0.8363339999999999,5.765295,6.44822,7653.959153999999,6.969696675
2025-03-12,22:38:44.476,CCT_AGGREGATOR,CCT_AGGREGATOR,0.026185,0.0,0.00207,1.827864,0.72768,6.90688,0.341296,1.338624,1.090288,1.345264,1.159344,0.394416,0.224432,0.479408,0.42496,0.084992,1.72672,0.86336,0.575552,0.0,0.0,0.0,0.0,0.0,0.0,0.0,0.0,0.0,1.052637,1.9996199999999997,8.807418,0.8363339999999999,5.765295,6.44822,7668.621910999999,0.062952099
2025-03-12,22:39:44.924,CCT_AGGREGATOR,CCT_AGGREGATOR,0.026185,0.0,0.00207,1.8580409999999998,3.6384,6.90688,0.341296,1.253632,1.005296,1.260272,1.159344,0.394416,0.309424,0.479408,0.42496,0.084992,1.72672,0.86336,0.575552,0.0,0.0,0.0,0.0,0.0,0.0,0.0,0.0,0.0,1.052637,1.9996199999999997,8.79844,4.147182,5.765295,6.44822,7653.959153999999,6.969696675
2025-03-12,22:40:44.926,CCT_AGGREGATOR,CCT_AGGREGATOR,0.026185,0.0,0.00207,1.892529,0.72768,6.90688,0.256304,1.338624,1.090288,1.260272,1.159344,0.394416,0.309424,0.479408,0.42496,0.169984,1.72672,0.86336,0.575552,0.0,0.0,0.0,0.0,0.0,0.0,0.0,0.0,0.0,1.052637,1.4696999999999998,8.79844,4.147182,4.263855,6.44822,7653.959153999999,6.969696675
2025-03-12,22:41:44.914,CCT_AGGREGATOR,CCT_AGGREGATOR,0.026185,0.0,0.00207,1.9227059999999998,3.6384,6.90688,0.256304,1.253632,1.005296,1.260272,1.159344,0.309424,0.224432,0.479408,0.509952,0.084992,0.86336,0.86336,0.575552,0.0,0.0,0.0,0.0,0.0,0.0,0.0,0.0,0.0,1.052637,1.9996199999999997,8.79844,4.147182,5.765295,6.44822,7653.959153999999,6.969696675
2025-03-12,22:42:44.916,CCT_AGGREGATOR,CCT_AGGREGATOR,0.026185,0.0,0.00207,1.9571939999999999,0.72768,6.90688,0.341296,1.253632,1.005296,1.260272,1.074352,0.394416,0.309424,0.479408,0.509952,0.084992,1.72672,1.72672,1.151104,0.0,0.0,0.0,0.0,0.0,0.0,0.0,0.0,0.0,1.052637,1.4696999999999998,8.79844,4.147182,4.263855,9.90166,7668.621910999999,0.062952099
2025-03-12,22:43:44.916,CCT_AGGREGATOR,CCT_AGGREGATOR,0.026185,0.0,0.00207,1.9873709999999998,3.6384,6.90688,0.341296,1.253632,1.005296,1.260272,1.074352,0.394416,0.309424,0.479408,0.42496,0.084992,1.72672,0.86336,0.575552,0.0,0.0,0.0,0.0,0.0,0.0,0.0,0.0,0.0,1.052637,1.9996199999999997,8.79844,4.147182,5.765295,6.44822,7668.621910999999,0.062952099
2025-03-12,22:44:44.916,CCT_AGGREGATOR,CCT_AGGREGATOR,0.026185,0.0,0.00207,2.021859,0.72768,6.90688,0.256304,1.253632,1.005296,1.260272,1.074352,0.309424,0.309424,0.479408,0.42496,0.084992,1.72672,0.86336,0.575552,0.0,0.0,0.0,0.0,0.0,0.0,0.0,0.0,0.0,1.052637,1.9996199999999997,8.79844,3.0435659999999998,4.263855,6.44822,7653.959153999999,4.667448483
2025-03-12,22:45:44.906,CCT_AGGREGATOR,CCT_AGGREGATOR,0.026185,0.0,0.00207,2.0520359999999997,3.6384,6.90688,0.256304,1.253632,1.005296,1.260272,0.98936,0.394416,0.224432,0.479408,0.509952,0.169984,0.86336,0.86336,0.575552,0.0,0.0,0.0,0.0,0.0,0.0,0.0,0.0,0.0,1.052637,1.9996199999999997,8.79844,3.0435659999999998,5.765295,6.44822,7653.959153999999,6.969696675
2025-03-12,22:46:44.911,CCT_AGGREGATOR,CCT_AGGREGATOR,0.026185,0.0,0.00207,2.086524,0.72768,6.04352,0.341296,1.253632,1.090288,1.260272,0.98936,0.309424,0.309424,0.479408,0.42496,0.169984,1.72672,0.86336,0.575552,0.0,0.0,0.0,0.0,0.0,0.0,0.0,0.0,0.0,1.052637,1.4717699999999998,1.903336,3.0435659999999998,4.263855,6.44822,11407.624946,6.969696675
2025-03-12,22:47:44.913,CCT_AGGREGATOR,CCT_AGGREGATOR,0.026185,0.0,0.00207,2.116701,3.6384,6.90688,0.256304,1.338624,1.005296,1.260272,0.98936,0.394416,0.224432,0.479408,0.42496,0.169984,1.72672,0.86336,0.575552,0.0,0.0,0.0,0.0,0.0,0.0,0.0,0.0,0.0,1.052637,1.9996199999999997,8.79844,3.0435659999999998,5.765295,6.44822,7653.959153999999,6.969696675
2025-03-12,22:48:44.914,CCT_AGGREGATOR,CCT_AGGREGATOR,0.026185,0.0,0.00207,2.151189,0.72768,6.90688,0.256304,1.338624,1.090288,1.260272,0.98936,0.394416,0.224432,0.479408,0.42496,0.084992,0.86336,0.86336,0.575552,0.0,0.0,0.0,0.0,0.0,0.0,0.0,0.0,0.0,1.052637,1.9996199999999997,8.79844,1.9399499999999998,5.765295,9.90166,7668.621910999999,0.062952099
2025-03-12,22:49:44.904,CCT_AGGREGATOR,CCT_AGGREGATOR,0.026185,0.0,0.00207,2.1813659999999997,3.6384,6.04352,0.256304,1.253632,1.090288,1.260272,0.904368,0.394416,0.309424,0.479408,0.42496,0.084992,1.72672,0.86336,0.575552,0.0,0.0,0.0,0.0,0.0,0.0,0.0,0.0,0.0,1.052637,1.9996199999999997,8.79844,1.9399499999999998,5.765295,6.44822,7668.621910999999,0.062952099
2025-03-12,22:50:44.909,CCT_AGGREGATOR,CCT_AGGREGATOR,0.026185,0.0,0.00207,2.2158539999999998,0.72768,6.90688,0.256304,1.338624,1.005296,1.260272,0.98936,0.309424,0.309424,0.479408,0.509952,0.169984,0.86336,0.86336,0.575552,0.0,0.0,0.0,0.0,0.0,0.0,0.0,0.0,0.0,1.052637,1.4696999999999998,8.79844,1.9399499999999998,5.765295,6.44822,7668.621910999999,0.062952099
2025-03-12,22:51:44.913,CCT_AGGREGATOR,CCT_AGGREGATOR,0.026185,0.0,0.00207,2.246031,3.6384,6.04352,0.256304,1.338624,1.005296,1.260272,0.98936,0.394416,0.224432,0.479408,0.42496,0.084992,0.86336,0.86336,1.151104,0.0,0.0,0.0,0.0,0.0,0.0,0.0,0.0,0.0,1.052637,1.4696999999999998,8.79844,1.9399499999999998,5.765295,9.90166,7668.621910999999,0.062952099
2025-03-12,22:52:44.917,CCT_AGGREGATOR,CCT_AGGREGATOR,0.026185,0.0,0.00207,2.280519,0.72768,6.04352,0.256304,1.253632,1.090288,1.260272,0.904368,0.394416,0.309424,0.479408,0.509952,0.084992,0.86336,1.72672,0.575552,0.0,0.0,0.0,0.0,0.0,0.0,0.0,0.0,0.0,1.052637,1.4696999999999998,8.79844,0.8363339999999999,5.765295,9.90166,7668.621910999999,2.365200291
2025-03-12,22:53:44.918,CCT_AGGREGATOR,CCT_AGGREGATOR,0.026185,0.0,0.00207,2.3106959999999996,3.6384,6.04352,0.256304,1.338624,1.005296,1.345264,0.904368,0.309424,0.309424,0.479408,0.509952,0.084992,1.72672,0.86336,0.575552,0.0,0.0,0.0,0.0,0.0,0.0,0.0,0.0,0.0,1.052637,1.4696999999999998,8.79844,0.8363339999999999,5.765295,6.44822,7653.959153999999,6.969696675
2025-03-12,22:54:44.918,CCT_AGGREGATOR,CCT_AGGREGATOR,0.026185,0.0,0.00207,2.3451839999999997,0.72768,6.90688,0.256304,1.338624,1.005296,1.260272,0.904368,0.309424,0.309424,0.479408,0.509952,0.084992,0.86336,0.86336,1.151104,0.0,0.0,0.0,0.0,0.0,0.0,0.0,0.0,0.0,1.052637,1.4696999999999998,8.789462,4.147182,4.263855,6.44822,7653.959153999999,6.969696675
2025-03-12,22:55:44.919,CCT_AGGREGATOR,CCT_AGGREGATOR,0.026185,0.0,0.00207,2.375361,3.6384,6.04352,0.25763199999999997,0.063744,1.005296,1.260272,0.819376,0.309424,0.309424,0.479408,0.42496,0.084992,0.86336,0.86336,0.575552,0.0,0.0,0.0,0.0,0.0,0.0,0.0,0.0,0.0,1.052637,1.4696999999999998,8.79844,0.8363339999999999,5.765295,6.44822,7668.621910999999,0.062952099
2025-03-12,22:56:44.473,CCT_AGGREGATOR,CCT_AGGREGATOR,0.026185,0.0,0.00207,2.409849,0.72768,6.04352,0.341296,1.338624,1.005296,1.260272,0.819376,0.394416,0.309424,0.479408,0.42496,0.084992,0.86336,0.86336,0.575552,0.0,0.0,0.0,0.0,0.0,0.0,0.0,0.0,0.0,1.052637,1.4696999999999998,8.79844,0.8363339999999999,5.765295,9.90166,7653.959153999999,6.969696675
2025-03-12,22:57:44.909,CCT_AGGREGATOR,CCT_AGGREGATOR,0.026185,0.0,0.00207,2.440026,3.6384,6.90688,0.256304,1.338624,1.090288,1.260272,0.904368,0.394416,0.309424,0.479408,0.42496,0.169984,0.86336,0.86336,1.151104,0.0,0.0,0.0,0.0,0.0,0.0,0.0,0.0,0.0,1.052637,1.4696999999999998,8.789462,4.147182,5.765295,6.44822,7668.621910999999,0.062952099
2025-03-12,22:58:44.913,CCT_AGGREGATOR,CCT_AGGREGATOR,0.026185,0.0,0.00207,2.4745139999999997,0.72768,6.90688,0.256304,1.253632,1.090288,1.260272,0.819376,0.309424,0.309424,0.479408,0.509952,0.084992,0.86336,0.86336,0.575552,0.0,0.0,0.0,0.0,0.0,0.0,0.0,0.0,0.0,1.052637,1.9996199999999997,8.789462,4.147182,4.263855,6.44822,7668.621910999999,2.365200291
2025-03-12,22:59:44.915,CCT_AGGREGATOR,CCT_AGGREGATOR,0.026185,0.0,0.00207,2.504691,3.6384,6.04352,0.341296,1.338624,1.005296,1.260272,0.819376,0.309424,0.309424,0.479408,0.42496,0.084992,0.86336,1.72672,0.575552,0.0,0.0,0.0,0.0,0.0,0.0,0.0,0.0,0.0,1.052637,1.4696999999999998,8.789462,4.147182,5.765295,9.90166,7668.621910999999,0.062952099
2025-03-12,23:00:44.904,CCT_AGGREGATOR,CCT_AGGREGATOR,0.026185,0.0,0.00207,2.539179,0.72768,6.04352,0.341296,1.338624,1.005296,1.260272,0.734384,0.394416,0.224432,0.479408,0.42496,0.169984,0.86336,0.86336,0.575552,0.0,0.0,0.0,0.0,0.0,0.0,0.0,0.0,0.0,1.052637,1.05984,1.894358,4.147182,4.263855,6.44822,7668.621910999999,2.365200291
2025-03-12,23:01:44.909,CCT_AGGREGATOR,CCT_AGGREGATOR,0.026185,0.0,0.00207,2.569356,3.6384,6.04352,0.256304,1.253632,1.005296,1.260272,0.734384,0.309424,0.224432,0.479408,0.42496,0.084992,0.86336,0.86336,1.151104,0.0,0.0,0.0,0.0,0.0,0.0,0.0,0.0,0.0,1.052637,1.4696999999999998,8.789462,4.147182,5.765295,6.44822,7653.959153999999,4.667448483
2025-03-12,23:02:44.910,CCT_AGGREGATOR,CCT_AGGREGATOR,0.026185,0.0,0.00207,2.603844,0.72768,6.90688,0.341296,1.338624,1.090288,1.1752799999999999,0.734384,0.394416,0.309424,0.479408,0.509952,0.169984,0.86336,1.72672,0.575552,0.0,0.0,0.0,0.0,0.0,0.0,0.0,0.0,0.0,1.052637,1.9996199999999997,8.789462,3.0435659999999998,4.263855,6.44822,7668.621910999999,0.062952099
2025-03-12,23:03:44.910,CCT_AGGREGATOR,CCT_AGGREGATOR,0.026185,0.0,0.00207,2.6340209999999997,3.6384,6.90688,0.341296,1.338624,1.090288,1.260272,0.734384,0.309424,0.224432,0.479408,0.509952,0.084992,1.72672,0.86336,1.151104,0.0,0.0,0.0,0.0,0.0,0.0,0.0,0.0,0.0,1.052637,1.4696999999999998,8.789462,3.0435659999999998,5.765295,6.44822,7668.621910999999,0.062952099
2025-03-12,23:04:44.912,CCT_AGGREGATOR,CCT_AGGREGATOR,0.026185,0.0,0.00207,2.668509,0.72768,6.04352,0.256304,1.253632,1.005296,1.260272,0.649392,0.394416,0.224432,0.479408,0.42496,0.169984,0.86336,0.86336,0.575552,0.0,0.0,0.0,0.0,0.0,0.0,0.0,0.0,0.0,1.052637,1.4696999999999998,8.789462,3.0435659999999998,5.765295,6.44822,7653.959153999999,6.969696675
2025-03-12,23:05:44.900,CCT_AGGREGATOR,CCT_AGGREGATOR,0.026185,0.0,0.00207,2.698686,3.6384,6.04352,0.256304,1.338624,1.090288,1.260272,0.734384,0.394416,0.224432,0.479408,0.42496,0.169984,0.86336,0.86336,1.151104,0.0,0.0,0.0,0.0,0.0,0.0,0.0,0.0,0.0,1.052637,1.4696999999999998,8.789462,3.0435659999999998,5.765295,6.44822,7668.621910999999,2.365200291
2025-03-12,23:06:44.905,CCT_AGGREGATOR,CCT_AGGREGATOR,0.026185,0.0,0.00207,2.733174,0.72768,6.04352,0.341296,1.338624,1.005296,1.260272,0.649392,0.394416,0.224432,0.479408,0.509952,0.084992,0.86336,0.86336,0.575552,0.0,0.0,0.0,0.0,0.0,0.0,0.0,0.0,0.0,1.052637,1.4696999999999998,8.789462,3.0435659999999998,5.765295,6.44822,7668.621910999999,0.062952099
2025-03-12,23:07:44.913,CCT_AGGREGATOR,CCT_AGGREGATOR,0.026185,0.0,0.00207,2.7633509999999997,3.6384,6.04352,0.256304,1.253632,1.090288,1.1752799999999999,0.734384,0.309424,0.224432,0.479408,0.42496,0.084992,0.86336,0.86336,1.151104,0.0,0.0,0.0,0.0,0.0,0.0,0.0,0.0,0.0,1.052637,1.4696999999999998,8.789462,1.9399499999999998,4.263855,6.44822,7668.621910999999,0.062952099
2025-03-12,23:08:44.920,CCT_AGGREGATOR,CCT_AGGREGATOR,0.026185,0.0,0.00207,2.7978389999999997,0.72768,6.90688,0.342624,0.063744,1.005296,1.1752799999999999,0.649392,0.394416,0.309424,0.479408,0.42496,0.084992,0.86336,0.86336,0.575552,0.0,0.0,0.0,0.0,0.0,0.0,0.0,0.0,0.0,1.052637,1.4696999999999998,8.789462,3.0435659999999998,5.765295,6.44822,7668.621910999999,0.062952099
2025-03-12,23:09:44.929,CCT_AGGREGATOR,CCT_AGGREGATOR,0.026185,0.0,0.00207,2.828016,3.6384,6.04352,0.341296,1.253632,1.005296,1.260272,0.649392,0.394416,0.309424,0.479408,0.42496,0.084992,0.86336,1.72672,0.575552,0.0,0.0,0.0,0.0,0.0,0.0,0.0,0.0,0.0,1.052637,1.4696999999999998,8.789462,1.9399499999999998,4.263855,6.44822,7668.621910999999,0.062952099
2025-03-12,23:10:44.942,CCT_AGGREGATOR,CCT_AGGREGATOR,0.026185,0.0,0.00207,2.862504,0.72768,6.90688,0.25763199999999997,0.063744,1.090288,1.345264,0.649392,0.394416,0.309424,0.5644,0.42496,0.084992,1.72672,0.86336,0.575552,0.0,0.0,0.0,0.0,0.0,0.0,0.0,0.0,0.0,1.052637,1.4696999999999998,8.789462,1.9399499999999998,4.263855,6.44822,7653.959153999999,6.969696675
2025-03-12,23:11:44.942,CCT_AGGREGATOR,CCT_AGGREGATOR,0.026185,0.0,0.00207,2.8926809999999996,3.6384,6.04352,0.25763199999999997,0.063744,1.005296,1.260272,0.5644,0.309424,0.309424,0.479408,0.42496,0.169984,1.72672,0.86336,0.575552,0.0,0.0,0.0,0.0,0.0,0.0,0.0,0.0,0.0,1.052637,1.4696999999999998,8.789462,1.9399499999999998,5.765295,6.44822,7668.621910999999,0.062952099
2025-03-12,23:12:44.948,CCT_AGGREGATOR,CCT_AGGREGATOR,0.026185,0.0,0.00207,2.9271689999999997,0.72768,6.04352,0.341296,1.338624,1.005296,1.260272,0.5644,0.309424,0.224432,0.479408,0.509952,0.169984,0.86336,0.86336,0.575552,0.0,0.0,0.0,0.0,0.0,0.0,0.0,0.0,0.0,1.052637,1.4696999999999998,8.789462,0.8363339999999999,4.263855,6.44822,7668.621910999999,0.062952099
2025-03-12,23:13:44.941,CCT_AGGREGATOR,CCT_AGGREGATOR,0.026185,0.0,0.00207,2.957346,3.6384,6.90688,0.256304,1.338624,1.005296,1.260272,0.5644,0.394416,0.309424,0.394416,0.509952,0.084992,0.86336,0.86336,0.575552,0.0,0.0,0.0,0.0,0.0,0.0,0.0,0.0,0.0,1.052637,1.4696999999999998,8.789462,0.8363339999999999,4.263855,6.44822,7668.621910999999,0.062952099
2025-03-12,23:14:44.503,CCT_AGGREGATOR,CCT_AGGREGATOR,0.026185,0.0,0.00207,2.991834,0.72768,6.04352,0.341296,1.338624,1.090288,1.260272,0.479408,0.309424,0.309424,0.479408,0.42496,0.084992,0.86336,0.86336,1.151104,0.0,0.0,0.0,0.0,0.0,0.0,0.0,0.0,0.0,1.052637,1.4696999999999998,8.789462,0.8363339999999999,5.765295,6.44822,7653.959153999999,6.969696675
2025-03-12,23:15:44.954,CCT_AGGREGATOR,CCT_AGGREGATOR,0.026185,0.0,0.00207,3.022011,3.6384,6.90688,0.341296,1.338624,1.090288,1.1752799999999999,0.5644,0.394416,0.309424,0.479408,0.42496,0.169984,1.72672,0.86336,1.151104,0.0,0.0,0.0,0.0,0.0,0.0,0.0,0.0,0.0,1.052637,1.4696999999999998,8.789462,0.8363339999999999,5.765295,6.44822,7653.959153999999,6.969696675
2025-03-12,23:16:44.960,CCT_AGGREGATOR,CCT_AGGREGATOR,0.026185,0.0,0.00207,3.0564989999999996,0.72768,6.04352,0.342624,0.063744,1.005296,1.260272,0.479408,0.309424,0.224432,0.479408,0.42496,0.169984,1.72672,0.86336,0.575552,0.0,0.0,0.0,0.0,0.0,0.0,0.0,0.0,0.0,1.052637,1.4696999999999998,8.789462,0.8363339999999999,4.263855,6.44822,7653.959153999999,6.969696675
2025-03-12,23:17:44.962,CCT_AGGREGATOR,CCT_AGGREGATOR,0.026185,0.0,0.00207,3.0866759999999998,3.6384,6.04352,0.342624,0.063744,1.090288,1.260272,0.479408,0.309424,0.309424,0.479408,0.42496,0.169984,0.86336,1.72672,1.151104,0.0,0.0,0.0,0.0,0.0,0.0,0.0,0.0,0.0,1.052637,1.4696999999999998,8.789462,0.8363339999999999,5.765295,9.90166,7653.959153999999,6.969696675
2025-03-12,23:18:44.954,CCT_AGGREGATOR,CCT_AGGREGATOR,0.026185,0.0,0.00207,3.121164,0.72768,6.04352,0.256304,1.338624,1.005296,1.260272,0.479408,0.394416,0.309424,0.479408,0.42496,0.084992,0.86336,0.86336,0.575552,0.0,0.0,0.0,0.0,0.0,0.0,0.0,0.0,0.0,1.052637,1.4696999999999998,8.780484,4.147182,4.263855,6.44822,7653.959153999999,6.969696675
2025-03-12,23:19:44.960,CCT_AGGREGATOR,CCT_AGGREGATOR,0.026185,0.0,0.00207,3.151341,3.6384,6.90688,0.256304,1.338624,1.090288,1.260272,0.479408,0.394416,0.309424,0.479408,0.509952,0.169984,0.86336,0.86336,0.575552,0.0,0.0,0.0,0.0,0.0,0.0,0.0,0.0,0.0,1.052637,1.4696999999999998,8.780484,4.147182,5.765295,6.44822,7668.621910999999,0.062952099
2025-03-12,23:20:44.961,CCT_AGGREGATOR,CCT_AGGREGATOR,0.026185,0.0,0.00207,3.1858289999999996,0.72768,6.90688,0.256304,1.338624,1.005296,1.260272,0.479408,0.309424,0.309424,0.479408,0.42496,0.084992,1.72672,0.86336,0.575552,0.0,0.0,0.0,0.0,0.0,0.0,0.0,0.0,0.0,1.052637,1.4696999999999998,8.780484,4.147182,4.263855,9.90166,7668.621910999999,0.062952099
2025-03-12,23:21:44.965,CCT_AGGREGATOR,CCT_AGGREGATOR,0.026185,0.0,0.00207,3.2160059999999997,3.6384,6.90688,0.256304,1.338624,1.005296,1.260272,0.394416,0.224432,0.309424,0.479408,0.509952,0.084992,0.86336,0.86336,0.575552,0.0,0.0,0.0,0.0,0.0,0.0,0.0,0.0,0.0,1.052637,1.4696999999999998,8.780484,4.147182,5.765295,6.44822,7668.621910999999,0.062952099
2025-03-12,23:22:44.968,CCT_AGGREGATOR,CCT_AGGREGATOR,0.026185,0.0,0.00207,3.2504939999999998,0.72768,6.90688,0.256304,1.338624,1.005296,1.260272,0.394416,0.394416,0.224432,0.479408,0.42496,0.084992,1.72672,0.86336,0.575552,0.0,0.0,0.0,0.0,0.0,0.0,0.0,0.0,0.0,1.052637,1.4696999999999998,8.780484,3.0435659999999998,5.765295,6.44822,7653.959153999999,6.969696675
2025-03-12,23:23:44.972,CCT_AGGREGATOR,CCT_AGGREGATOR,0.026185,0.0,0.00207,3.280671,3.6384,6.04352,0.256304,1.338624,1.090288,1.260272,0.394416,0.394416,0.309424,0.394416,0.42496,0.084992,0.86336,0.86336,0.575552,0.0,0.0,0.0,0.0,0.0,0.0,0.0,0.0,0.0,1.052637,1.4696999999999998,8.780484,4.147182,5.765295,9.90166,7668.621910999999,0.062952099
2025-03-12,23:24:44.962,CCT_AGGREGATOR,CCT_AGGREGATOR,0.026185,0.0,0.00207,3.315159,0.72768,6.04352,0.256304,1.338624,1.005296,1.260272,0.309424,0.394416,0.309424,0.479408,0.42496,0.084992,0.86336,0.86336,1.151104,0.0,0.0,0.0,0.0,0.0,0.0,0.0,0.0,0.0,1.052637,1.4696999999999998,8.780484,3.0435659999999998,5.765295,9.90166,7653.959153999999,6.969696675
2025-03-12,23:25:44.969,CCT_AGGREGATOR,CCT_AGGREGATOR,0.026185,0.0,0.00207,3.3453359999999996,3.6384,6.04352,0.256304,1.338624,1.005296,1.260272,0.394416,0.309424,0.309424,0.479408,0.42496,0.169984,1.72672,1.72672,1.151104,0.0,0.0,0.0,0.0,0.0,0.0,0.0,0.0,0.0,1.052637,1.4696999999999998,8.780484,3.0435659999999998,4.263855,6.44822,7653.959153999999,6.969696675
2025-03-12,23:26:44.974,CCT_AGGREGATOR,CCT_AGGREGATOR,0.026185,0.0,0.00207,3.3798239999999997,0.72768,6.04352,0.256304,1.338624,1.090288,1.260272,0.394416,0.309424,0.224432,0.479408,0.42496,0.169984,0.86336,0.86336,0.575552,0.0,0.0,0.0,0.0,0.0,0.0,0.0,0.0,0.0,1.052637,1.4696999999999998,8.780484,3.0435659999999998,4.263855,6.44822,7653.959153999999,6.969696675
2025-03-12,23:27:44.979,CCT_AGGREGATOR,CCT_AGGREGATOR,0.026185,0.0,0.00207,3.410001,3.6384,6.04352,0.25763199999999997,0.063744,1.090288,1.260272,0.309424,0.394416,0.309424,0.479408,0.42496,0.084992,0.86336,1.72672,0.575552,0.0,0.0,0.0,0.0,0.0,0.0,0.0,0.0,0.0,1.052637,1.4696999999999998,8.780484,1.9399499999999998,5.765295,6.44822,7668.621910999999,0.062952099
2025-03-12,23:28:44.981,CCT_AGGREGATOR,CCT_AGGREGATOR,0.026185,0.0,0.00207,3.444489,0.72768,6.04352,0.25763199999999997,0.063744,1.005296,1.260272,0.309424,0.394416,0.224432,0.479408,0.42496,0.084992,0.86336,0.86336,0.575552,0.0,0.0,0.0,0.0,0.0,0.0,0.0,0.0,0.0,1.052637,1.4696999999999998,8.780484,3.0435659999999998,5.765295,6.44822,7668.621910999999,0.062952099
2025-03-12,23:29:44.984,CCT_AGGREGATOR,CCT_AGGREGATOR,0.026185,0.0,0.00207,3.4746659999999996,3.6384,6.04352,0.256304,1.338624,1.090288,1.260272,0.309424,0.309424,0.309424,0.479408,0.42496,0.084992,0.86336,0.86336,0.575552,0.0,0.0,0.0,0.0,0.0,0.0,0.0,0.0,0.0,1.052637,1.4696999999999998,8.780484,1.9399499999999998,4.263855,6.44822,7668.621910999999,0.062952099
2025-03-12,23:30:44.984,CCT_AGGREGATOR,CCT_AGGREGATOR,0.026185,0.0,0.00207,3.5091539999999997,0.72768,6.90688,0.25763199999999997,0.063744,1.005296,1.1752799999999999,0.224432,0.309424,0.224432,0.479408,0.509952,0.084992,0.86336,1.72672,0.575552,0.0,0.0,0.0,0.0,0.0,0.0,0.0,0.0,0.0,1.052637,1.4696999999999998,8.780484,1.9399499999999998,5.765295,6.44822,7668.621910999999,2.365200291
2025-03-12,23:31:44.989,CCT_AGGREGATOR,CCT_AGGREGATOR,0.026185,0.0,0.00207,3.539331,3.6384,6.04352,0.342624,0.063744,1.005296,1.1752799999999999,0.309424,0.309424,0.309424,0.479408,0.42496,0.169984,0.86336,0.86336,0.575552,0.0,0.0,0.0,0.0,0.0,0.0,0.0,0.0,0.0,1.052637,1.4696999999999998,8.780484,1.9399499999999998,5.765295,6.44822,7668.621910999999,0.062952099
2025-03-12,23:32:44.534,CCT_AGGREGATOR,CCT_AGGREGATOR,0.026185,0.0,0.00207,3.573819,0.72768,6.90688,0.256304,1.338624,1.005296,1.260272,0.309424,0.394416,0.224432,0.479408,0.42496,0.084992,0.86336,0.86336,0.575552,0.0,0.0,0.0,0.0,0.0,0.0,0.0,0.0,0.0,1.052637,1.4696999999999998,8.780484,1.9399499999999998,5.765295,6.44822,7668.621910999999,0.062952099
2025-03-12,23:33:44.988,CCT_AGGREGATOR,CCT_AGGREGATOR,0.026185,0.0,0.00207,3.603996,3.6384,6.90688,0.341296,1.338624,1.005296,1.260272,0.224432,0.394416,0.309424,0.394416,0.42496,0.084992,0.86336,1.72672,0.575552,0.0,0.0,0.0,0.0,0.0,0.0,0.0,0.0,0.0,1.052637,1.4696999999999998,8.780484,1.9399499999999998,4.263855,6.44822,7668.621910999999,0.062952099
2025-03-12,23:34:44.991,CCT_AGGREGATOR,CCT_AGGREGATOR,0.026185,0.0,0.00207,3.6384839999999996,0.72768,6.90688,0.256304,1.338624,1.005296,1.260272,0.224432,0.394416,0.224432,0.479408,0.42496,0.084992,0.86336,0.86336,1.151104,0.0,0.0,0.0,0.0,0.0,0.0,0.0,0.0,0.0,1.052637,1.4696999999999998,8.780484,1.9399499999999998,4.263855,9.90166,7668.621910999999,2.365200291
2025-03-12,23:35:44.992,CCT_AGGREGATOR,CCT_AGGREGATOR,0.026185,0.0,0.00207,3.6686609999999997,3.6384,6.04352,0.256304,1.338624,1.005296,1.260272,0.224432,0.309424,0.309424,0.479408,0.509952,0.084992,0.86336,0.86336,0.575552,0.0,0.0,0.0,0.0,0.0,0.0,0.0,0.0,0.0,1.052637,1.4696999999999998,8.780484,0.8363339999999999,5.765295,6.44822,11422.287703,0.062952099
2025-03-12,23:36:44.982,CCT_AGGREGATOR,CCT_AGGREGATOR,0.026185,0.0,0.00207,3.703149,0.72768,6.04352,0.341296,1.338624,1.005296,1.260272,0.224432,0.394416,0.224432,0.479408,0.509952,0.169984,0.86336,1.72672,0.575552,0.0,0.0,0.0,0.0,0.0,0.0,0.0,0.0,0.0,1.052637,1.4696999999999998,8.780484,0.8363339999999999,4.263855,6.44822,7668.621910999999,0.062952099
2025-03-12,23:37:44.985,CCT_AGGREGATOR,CCT_AGGREGATOR,0.026185,0.0,0.00207,3.733326,3.6384,6.04352,0.341296,1.338624,1.005296,1.260272,0.224432,0.394416,0.224432,0.479408,0.42496,0.084992,0.86336,0.86336,0.575552,0.0,0.0,0.0,0.0,0.0,0.0,0.0,0.0,0.0,1.052637,1.4696999999999998,8.780484,0.8363339999999999,5.765295,6.44822,7668.621910999999,0.062952099
2025-03-12,23:38:44.986,CCT_AGGREGATOR,CCT_AGGREGATOR,0.026185,0.0,0.00207,3.7678139999999996,0.72768,6.04352,0.341296,1.338624,1.090288,1.1752799999999999,0.224432,0.394416,0.224432,0.394416,0.42496,0.084992,0.86336,1.72672,0.575552,0.0,0.0,0.0,0.0,0.0,0.0,0.0,0.0,0.0,1.052637,1.4696999999999998,8.780484,0.8363339999999999,5.765295,6.44822,7668.621910999999,0.062952099
2025-03-12,23:39:44.988,CCT_AGGREGATOR,CCT_AGGREGATOR,0.026185,0.0,0.00207,3.7979909999999997,3.6384,6.90688,0.25763199999999997,0.063744,1.005296,1.260272,0.13944,0.309424,0.309424,0.479408,0.42496,0.084992,0.86336,0.86336,0.575552,0.0,0.0,0.0,0.0,0.0,0.0,0.0,0.0,0.0,1.052637,1.4696999999999998,8.780484,0.8363339999999999,5.765295,6.44822,7668.621910999999,2.365200291
2025-03-12,23:40:44.991,CCT_AGGREGATOR,CCT_AGGREGATOR,0.026185,0.0,0.00207,3.8324789999999997,0.72768,6.04352,0.341296,1.338624,1.090288,1.260272,0.13944,0.309424,0.224432,0.479408,0.42496,0.084992,1.72672,1.72672,0.575552,0.0,0.0,0.0,0.0,0.0,0.0,0.0,0.0,0.0,1.052637,1.4696999999999998,8.780484,0.8363339999999999,4.263855,6.44822,7668.621910999999,0.062952099
2025-03-12,23:41:44.993,CCT_AGGREGATOR,CCT_AGGREGATOR,0.026185,0.0,0.00207,3.862656,3.6384,6.04352,0.256304,1.338624,1.005296,1.260272,0.224432,0.309424,0.224432,0.479408,0.509952,0.169984,0.86336,1.72672,0.575552,0.0,0.0,0.0,0.0,0.0,0.0,0.0,0.0,0.0,1.052637,1.4696999999999998,8.771506,4.147182,5.765295,6.44822,7668.621910999999,0.062952099
2025-03-12,23:42:44.983,CCT_AGGREGATOR,CCT_AGGREGATOR,0.026185,0.0,0.00207,3.897144,0.72768,6.04352,0.25763199999999997,0.063744,1.090288,1.260272,0.13944,0.394416,0.224432,0.479408,0.42496,0.169984,0.86336,0.86336,0.575552,0.0,0.0,0.0,0.0,0.0,0.0,0.0,0.0,0.0,1.052637,1.4696999999999998,8.771506,4.147182,5.765295,6.44822,7668.621910999999,2.365200291
2025-03-12,23:43:44.988,CCT_AGGREGATOR,CCT_AGGREGATOR,0.026185,0.0,0.00207,3.9273209999999996,3.6384,6.04352,0.341296,1.338624,1.005296,1.260272,0.13944,0.394416,0.224432,0.479408,0.42496,0.084992,1.72672,0.86336,0.575552,0.0,0.0,0.0,0.0,0.0,0.0,0.0,0.0,0.0,1.052637,1.4696999999999998,8.771506,4.147182,4.263855,6.44822,7668.621910999999,0.062952099
2025-03-12,23:44:44.992,CCT_AGGREGATOR,CCT_AGGREGATOR,0.026185,0.0,0.00207,3.9618089999999997,0.72768,6.04352,0.25763199999999997,0.063744,1.005296,1.260272,0.13944,0.309424,0.224432,0.479408,0.42496,0.084992,0.86336,1.72672,0.575552,0.0,0.0,0.0,0.0,0.0,0.0,0.0,0.0,0.0,1.052637,1.4696999999999998,8.771506,4.147182,4.263855,6.44822,7653.959153999999,6.969696675
2025-03-12,23:45:44.998,CCT_AGGREGATOR,CCT_AGGREGATOR,0.026185,0.0,0.00207,3.991986,3.6384,6.90688,0.256304,1.338624,1.090288,1.260272,0.054447999999999996,0.309424,0.309424,0.394416,0.509952,0.084992,0.86336,0.86336,0.575552,0.0,0.0,0.0,0.0,0.0,0.0,0.0,0.0,0.0,1.052637,1.4696999999999998,8.771506,4.147182,4.263855,6.44822,7668.621910999999,2.365200291
2025-03-12,23:46:45.006,CCT_AGGREGATOR,CCT_AGGREGATOR,0.026185,0.0,0.00207,4.026473999999999,0.72768,6.04352,0.256304,1.338624,1.005296,1.260272,0.054447999999999996,0.394416,0.309424,0.479408,0.509952,0.084992,0.86336,0.86336,0.575552,0.0,0.0,0.0,0.0,0.0,0.0,0.0,0.0,0.0,1.052637,1.4696999999999998,8.771506,4.147182,5.765295,6.44822,7668.621910999999,0.062952099
2025-03-12,23:47:45.003,CCT_AGGREGATOR,CCT_AGGREGATOR,0.026185,0.0,0.00207,4.056651,3.6384,6.04352,0.256304,1.338624,1.005296,1.260272,0.054447999999999996,0.309424,0.224432,0.394416,0.42496,0.169984,0.86336,0.86336,1.151104,0.0,0.0,0.0,0.0,0.0,0.0,0.0,0.0,0.0,1.052637,1.4696999999999998,8.771506,4.147182,5.765295,6.44822,7668.621910999999,0.062952099
2025-03-12,23:48:45.006,CCT_AGGREGATOR,CCT_AGGREGATOR,0.026185,0.0,0.00207,4.091139,0.72768,6.04352,0.25763199999999997,0.063744,1.005296,1.260272,0.054447999999999996,0.309424,0.309424,0.479408,0.42496,0.084992,0.86336,1.72672,0.575552,0.0,0.0,0.0,0.0,0.0,0.0,0.0,0.0,0.0,1.052637,1.4696999999999998,8.771506,3.0435659999999998,4.263855,6.44822,7668.621910999999,0.062952099
2025-03-12,23:49:44.996,CCT_AGGREGATOR,CCT_AGGREGATOR,0.026185,0.0,0.00207,4.121315999999999,3.6384,6.90688,0.25763199999999997,0.063744,1.005296,1.260272,0.054447999999999996,0.309424,0.224432,0.479408,0.42496,0.084992,0.86336,0.86336,1.151104,0.0,0.0,0.0,0.0,0.0,0.0,0.0,0.0,0.0,1.052637,1.4696999999999998,8.771506,3.0435659999999998,5.765295,6.44822,7668.621910999999,0.062952099
2025-03-12,23:50:44.555,CCT_AGGREGATOR,CCT_AGGREGATOR,0.026185,0.0,0.00207,4.155804,0.72768,6.04352,0.256304,1.338624,1.005296,1.258944,1.329328,0.309424,0.309424,0.479408,0.42496,0.169984,0.86336,0.86336,0.575552,0.0,0.0,0.0,0.0,0.0,0.0,0.0,0.0,0.0,1.052637,1.4696999999999998,8.771506,3.0435659999999998,4.263855,6.44822,7668.621910999999,2.365200291
2025-03-12,23:51:45.005,CCT_AGGREGATOR,CCT_AGGREGATOR,0.026185,0.0,0.00207,4.185981,3.6384,6.90688,0.256304,1.338624,1.005296,1.260272,0.054447999999999996,0.309424,0.224432,0.479408,0.42496,0.169984,0.86336,0.86336,0.575552,0.0,0.0,0.0,0.0,0.0,0.0,0.0,0.0,0.0,1.052637,1.4696999999999998,8.771506,3.0435659999999998,5.765295,9.90166,7668.621910999999,2.365200291
2025-03-12,23:52:45.007,CCT_AGGREGATOR,CCT_AGGREGATOR,0.026185,0.0,0.00207,4.220469,0.72768,6.04352,0.256304,1.338624,1.005296,1.343936,1.329328,0.309424,0.224432,0.479408,0.509952,0.084992,0.86336,0.86336,1.151104,0.0,0.0,0.0,0.0,0.0,0.0,0.0,0.0,0.0,1.052637,1.4696999999999998,8.771506,1.9399499999999998,5.765295,6.44822,7668.621910999999,2.365200291
2025-03-12,23:53:45.008,CCT_AGGREGATOR,CCT_AGGREGATOR,0.026185,0.0,0.00207,4.250646,3.6384,6.90688,0.256304,1.338624,1.005296,1.1739519999999999,1.329328,0.309424,0.309424,0.479408,0.42496,0.084992,1.72672,0.86336,0.575552,0.0,0.0,0.0,0.0,0.0,0.0,0.0,0.0,0.0,1.052637,1.4696999999999998,8.771506,1.9399499999999998,5.765295,6.44822,7668.621910999999,2.365200291
2025-03-12,23:54:44.998,CCT_AGGREGATOR,CCT_AGGREGATOR,0.026185,0.0,0.00207,4.285133999999999,0.72768,6.90688,0.256304,1.338624,1.005296,1.258944,1.329328,0.394416,0.224432,0.479408,0.42496,0.169984,0.86336,0.86336,0.575552,0.0,0.0,0.0,0.0,0.0,0.0,0.0,0.0,0.0,1.052637,1.4696999999999998,8.771506,1.9399499999999998,4.263855,6.44822,7668.621910999999,0.062952099
2025-03-12,23:55:45.003,CCT_AGGREGATOR,CCT_AGGREGATOR,0.026185,0.0,0.00207,4.3153109999999995,3.6384,6.04352,0.25763199999999997,0.063744,1.005296,1.1739519999999999,1.329328,0.394416,0.224432,0.479408,0.42496,0.084992,1.72672,0.86336,1.151104,0.0,0.0,0.0,0.0,0.0,0.0,0.0,0.0,0.0,1.052637,1.4696999999999998,8.771506,1.9399499999999998,5.765295,6.44822,7653.959153999999,6.969696675
2025-03-12,23:56:45.005,CCT_AGGREGATOR,CCT_AGGREGATOR,0.026185,0.0,0.00207,4.349799,0.72768,6.04352,0.256304,1.338624,1.005296,1.1739519999999999,1.329328,0.394416,0.309424,0.479408,0.509952,0.084992,0.86336,0.86336,1.151104,0.0,0.0,0.0,0.0,0.0,0.0,0.0,0.0,0.0,1.052637,1.4696999999999998,8.771506,1.9399499999999998,5.765295,6.44822,7668.621910999999,0.062952099
2025-03-12,23:57:45.007,CCT_AGGREGATOR,CCT_AGGREGATOR,0.026185,0.0,0.00207,4.379976,3.6384,6.90688,0.341296,1.338624,1.005296,1.258944,1.329328,0.224432,0.224432,0.479408,0.42496,0.084992,0.86336,0.86336,0.575552,0.0,0.0,0.0,0.0,0.0,0.0,0.0,0.0,0.0,1.052637,1.4696999999999998,8.771506,1.9399499999999998,4.263855,6.44822,7653.959153999999,6.969696675
2025-03-12,23:58:45.008,CCT_AGGREGATOR,CCT_AGGREGATOR,0.026185,0.0,0.00414,0.0,0.72768,6.04352,0.256304,1.338624,1.090288,1.258944,1.329328,0.394416,0.309424,0.479408,0.42496,0.084992,1.72672,0.86336,1.151104,0.0,0.0,0.0,0.0,0.0,0.0,0.0,0.0,0.0,1.052637,1.4696999999999998,8.771506,1.9399499999999998,5.765295,6.44822,7668.621910999999,0.062952099
2025-03-12,23:59:45.011,CCT_AGGREGATOR,CCT_AGGREGATOR,0.026185,0.0,0.00414,0.030177,3.6384,6.04352,0.256304,1.338624,1.090288,1.258944,1.2443359999999999,0.309424,0.224432,0.479408,0.42496,0.084992,0.86336,0.86336,0.575552,0.0,0.0,0.0,0.0,0.0,0.0,0.0,0.0,0.0,1.052637,1.4696999999999998,8.771506,1.9399499999999998,4.263855,6.44822,7668.621910999999,0.062952099
